"screen","engine","variant","screenshot","gap","error","ACCESS-008","TOUCH-003","INPUT-010","INPUT-006 / ACCESS-003","ACTION-007 / ACTION-008","LAYOUT-013 / LAYOUT-014","DATA-003/004 · LAYOUT-003","FEEDBACK-011"
"S-01","chromium","390x844-light","screenshots/chromium/390x844-light/S-01.png","","","U","PASS","NA","NA","NA","PASS","NA","NA"
"S-01","chromium","390x844-dark","screenshots/chromium/390x844-dark/S-01.png","","","U","PASS","NA","NA","NA","PASS","NA","NA"
"S-01","chromium","844x390-light","screenshots/chromium/844x390-light/S-01.png","","","PASS","PASS","NA","NA","NA","FAIL","NA","NA"
"S-01","chromium","844x390-dark","screenshots/chromium/844x390-dark/S-01.png","","","PASS","PASS","NA","NA","NA","FAIL","NA","NA"
"S-01","chromium","768x1024-light","screenshots/chromium/768x1024-light/S-01.png","","","U","PASS","NA","NA","NA","PASS","NA","NA"
"S-01","chromium","768x1024-dark","screenshots/chromium/768x1024-dark/S-01.png","","","U","PASS","NA","NA","NA","PASS","NA","NA"
"S-01","chromium","1280x800-light","screenshots/chromium/1280x800-light/S-01.png","","","PASS","PASS","NA","NA","NA","PASS","NA","NA"
"S-01","chromium","1280x800-dark","screenshots/chromium/1280x800-dark/S-01.png","","","PASS","PASS","NA","NA","NA","PASS","NA","NA"
"S-02","chromium","390x844-light","screenshots/chromium/390x844-light/S-02.png","","","U","PASS","NA","NA","NA","PASS","NA","NA"
"S-02","chromium","390x844-dark","screenshots/chromium/390x844-dark/S-02.png","","","U","PASS","NA","NA","NA","PASS","NA","NA"
"S-02","chromium","844x390-light","screenshots/chromium/844x390-light/S-02.png","","","U","PASS","NA","NA","NA","FAIL","NA","NA"
"S-02","chromium","844x390-dark","screenshots/chromium/844x390-dark/S-02.png","","","U","PASS","NA","NA","NA","FAIL","NA","NA"
"S-02","chromium","768x1024-light","screenshots/chromium/768x1024-light/S-02.png","","","U","PASS","NA","NA","NA","PASS","NA","NA"
"S-02","chromium","768x1024-dark","screenshots/chromium/768x1024-dark/S-02.png","","","U","PASS","NA","NA","NA","PASS","NA","NA"
"S-02","chromium","1280x800-light","screenshots/chromium/1280x800-light/S-02.png","","","PASS","PASS","NA","NA","NA","PASS","NA","NA"
"S-02","chromium","1280x800-dark","screenshots/chromium/1280x800-dark/S-02.png","","","PASS","PASS","NA","NA","NA","PASS","NA","NA"
"S-03","chromium","390x844-light","screenshots/chromium/390x844-light/S-03.png","","","U","PASS","PASS","PASS","NA","PASS","PASS","U"
"S-03","chromium","390x844-dark","screenshots/chromium/390x844-dark/S-03.png","","","U","PASS","PASS","PASS","NA","PASS","PASS","U"
"S-03","chromium","844x390-light","screenshots/chromium/844x390-light/S-03.png","","","U","FAIL","PASS","PASS","NA","FAIL","PASS","U"
"S-03","chromium","844x390-dark","screenshots/chromium/844x390-dark/S-03.png","","","U","FAIL","PASS","PASS","NA","FAIL","PASS","U"
"S-03","chromium","768x1024-light","screenshots/chromium/768x1024-light/S-03.png","","","U","PASS","PASS","PASS","NA","PASS","PASS","U"
"S-03","chromium","768x1024-dark","screenshots/chromium/768x1024-dark/S-03.png","","","U","PASS","PASS","PASS","NA","PASS","PASS","U"
"S-03","chromium","1280x800-light","screenshots/chromium/1280x800-light/S-03.png","","","U","PASS","PASS","PASS","NA","PASS","PASS","U"
"S-03","chromium","1280x800-dark","screenshots/chromium/1280x800-dark/S-03.png","","","U","PASS","PASS","PASS","NA","PASS","PASS","U"
"S-04","chromium","390x844-light","screenshots/chromium/390x844-light/S-04.png","","","PASS","FAIL","PASS","FAIL","NA","PASS","PASS","NA"
"S-04","chromium","390x844-dark","screenshots/chromium/390x844-dark/S-04.png","","","PASS","FAIL","PASS","FAIL","NA","PASS","PASS","NA"
"S-04","chromium","844x390-light","screenshots/chromium/844x390-light/S-04.png","","","U","FAIL","PASS","FAIL","NA","FAIL","PASS","NA"
"S-04","chromium","844x390-dark","screenshots/chromium/844x390-dark/S-04.png","","","U","FAIL","PASS","FAIL","NA","FAIL","PASS","NA"
"S-04","chromium","768x1024-light","screenshots/chromium/768x1024-light/S-04.png","","","PASS","FAIL","PASS","FAIL","NA","PASS","PASS","NA"
"S-04","chromium","768x1024-dark","screenshots/chromium/768x1024-dark/S-04.png","","","PASS","FAIL","PASS","FAIL","NA","PASS","PASS","NA"
"S-04","chromium","1280x800-light","screenshots/chromium/1280x800-light/S-04.png","","","PASS","FAIL","PASS","FAIL","NA","PASS","PASS","NA"
"S-04","chromium","1280x800-dark","screenshots/chromium/1280x800-dark/S-04.png","","","PASS","FAIL","PASS","FAIL","NA","PASS","PASS","NA"
"S-05","chromium","390x844-light","screenshots/chromium/390x844-light/S-05.png","","","PASS","PASS","NA","NA","NA","PASS","NA","NA"
"S-05","chromium","390x844-dark","screenshots/chromium/390x844-dark/S-05.png","","","PASS","PASS","NA","NA","NA","PASS","NA","NA"
"S-05","chromium","844x390-light","screenshots/chromium/844x390-light/S-05.png","","","PASS","PASS","NA","NA","NA","FAIL","NA","NA"
"S-05","chromium","844x390-dark","screenshots/chromium/844x390-dark/S-05.png","","","PASS","PASS","NA","NA","NA","FAIL","NA","NA"
"S-05","chromium","768x1024-light","screenshots/chromium/768x1024-light/S-05.png","","","PASS","PASS","NA","NA","NA","PASS","NA","NA"
"S-05","chromium","768x1024-dark","screenshots/chromium/768x1024-dark/S-05.png","","","PASS","PASS","NA","NA","NA","PASS","NA","NA"
"S-05","chromium","1280x800-light","screenshots/chromium/1280x800-light/S-05.png","","","PASS","PASS","NA","NA","NA","PASS","NA","NA"
"S-05","chromium","1280x800-dark","screenshots/chromium/1280x800-dark/S-05.png","","","PASS","PASS","NA","NA","NA","PASS","NA","NA"
"S-06","chromium","390x844-light","screenshots/chromium/390x844-light/S-06.png","","","PASS","NA","NA","NA","NA","PASS","PASS","NA"
"S-06","chromium","390x844-dark","screenshots/chromium/390x844-dark/S-06.png","","","PASS","NA","NA","NA","NA","PASS","PASS","NA"
"S-06","chromium","844x390-light","screenshots/chromium/844x390-light/S-06.png","","","PASS","NA","NA","NA","NA","FAIL","PASS","NA"
"S-06","chromium","844x390-dark","screenshots/chromium/844x390-dark/S-06.png","","","PASS","NA","NA","NA","NA","FAIL","PASS","NA"
"S-06","chromium","768x1024-light","screenshots/chromium/768x1024-light/S-06.png","","","PASS","NA","NA","NA","NA","PASS","PASS","NA"
"S-06","chromium","768x1024-dark","screenshots/chromium/768x1024-dark/S-06.png","","","PASS","NA","NA","NA","NA","PASS","PASS","NA"
"S-06","chromium","1280x800-light","screenshots/chromium/1280x800-light/S-06.png","","","PASS","NA","NA","NA","NA","PASS","PASS","NA"
"S-06","chromium","1280x800-dark","screenshots/chromium/1280x800-dark/S-06.png","","","PASS","NA","NA","NA","NA","PASS","PASS","NA"
"S-07","chromium","390x844-light","screenshots/chromium/390x844-light/S-07.png","locator.waitFor: Timeout 1000ms exceeded.","","U","U","U","U","U","U","U","U"
"S-07","chromium","390x844-dark","screenshots/chromium/390x844-dark/S-07.png","locator.waitFor: Timeout 1000ms exceeded.","","U","U","U","U","U","U","U","U"
"S-07","chromium","844x390-light","screenshots/chromium/844x390-light/S-07.png","locator.waitFor: Timeout 1000ms exceeded.","","U","U","U","U","U","U","U","U"
"S-07","chromium","844x390-dark","screenshots/chromium/844x390-dark/S-07.png","locator.waitFor: Timeout 1000ms exceeded.","","U","U","U","U","U","U","U","U"
"S-07","chromium","768x1024-light","screenshots/chromium/768x1024-light/S-07.png","locator.waitFor: Timeout 1000ms exceeded.","","U","U","U","U","U","U","U","U"
"S-07","chromium","768x1024-dark","screenshots/chromium/768x1024-dark/S-07.png","locator.waitFor: Timeout 1000ms exceeded.","","U","U","U","U","U","U","U","U"
"S-07","chromium","1280x800-light","screenshots/chromium/1280x800-light/S-07.png","locator.waitFor: Timeout 1000ms exceeded.","","U","U","U","U","U","U","U","U"
"S-07","chromium","1280x800-dark","screenshots/chromium/1280x800-dark/S-07.png","locator.waitFor: Timeout 1000ms exceeded.","","U","U","U","U","U","U","U","U"
"S-08","chromium","390x844-light","screenshots/chromium/390x844-light/S-08.png","","","U","PASS","NA","NA","NA","U","PASS","NA"
"S-08","chromium","390x844-dark","screenshots/chromium/390x844-dark/S-08.png","","","U","PASS","NA","NA","NA","U","PASS","NA"
"S-08","chromium","844x390-light","screenshots/chromium/844x390-light/S-08.png","","","U","PASS","NA","NA","NA","FAIL","PASS","NA"
"S-08","chromium","844x390-dark","screenshots/chromium/844x390-dark/S-08.png","","","U","PASS","NA","NA","NA","FAIL","PASS","NA"
"S-08","chromium","768x1024-light","screenshots/chromium/768x1024-light/S-08.png","","","U","PASS","NA","NA","NA","PASS","PASS","NA"
"S-08","chromium","768x1024-dark","screenshots/chromium/768x1024-dark/S-08.png","","","U","PASS","NA","NA","NA","PASS","PASS","NA"
"S-08","chromium","1280x800-light","screenshots/chromium/1280x800-light/S-08.png","","","U","PASS","NA","NA","NA","PASS","PASS","NA"
"S-08","chromium","1280x800-dark","screenshots/chromium/1280x800-dark/S-08.png","","","U","PASS","NA","NA","NA","PASS","PASS","NA"
"S-09","chromium","390x844-light","screenshots/chromium/390x844-light/S-09.png","","","U","PASS","NA","NA","NA","U","PASS","NA"
"S-09","chromium","390x844-dark","screenshots/chromium/390x844-dark/S-09.png","","","U","PASS","NA","NA","NA","U","PASS","NA"
"S-09","chromium","844x390-light","screenshots/chromium/844x390-light/S-09.png","","","U","PASS","NA","NA","NA","FAIL","PASS","NA"
"S-09","chromium","844x390-dark","screenshots/chromium/844x390-dark/S-09.png","","","U","PASS","NA","NA","NA","FAIL","PASS","NA"
"S-09","chromium","768x1024-light","screenshots/chromium/768x1024-light/S-09.png","","","U","PASS","NA","NA","NA","PASS","PASS","NA"
"S-09","chromium","768x1024-dark","screenshots/chromium/768x1024-dark/S-09.png","","","U","PASS","NA","NA","NA","PASS","PASS","NA"
"S-09","chromium","1280x800-light","screenshots/chromium/1280x800-light/S-09.png","","","U","PASS","NA","NA","NA","PASS","PASS","NA"
"S-09","chromium","1280x800-dark","screenshots/chromium/1280x800-dark/S-09.png","","","U","PASS","NA","NA","NA","PASS","PASS","NA"
"S-10","chromium","390x844-light","screenshots/chromium/390x844-light/S-10.png","","","PASS","FAIL","NA","FAIL","NA","PASS","NA","PASS"
"S-10","chromium","390x844-dark","screenshots/chromium/390x844-dark/S-10.png","","","PASS","FAIL","NA","FAIL","NA","PASS","NA","PASS"
"S-10","chromium","844x390-light","screenshots/chromium/844x390-light/S-10.png","","","PASS","FAIL","NA","FAIL","NA","FAIL","NA","PASS"
"S-10","chromium","844x390-dark","screenshots/chromium/844x390-dark/S-10.png","","","PASS","FAIL","NA","FAIL","NA","FAIL","NA","PASS"
"S-10","chromium","768x1024-light","screenshots/chromium/768x1024-light/S-10.png","","","PASS","FAIL","NA","FAIL","NA","PASS","NA","PASS"
"S-10","chromium","768x1024-dark","screenshots/chromium/768x1024-dark/S-10.png","","","PASS","FAIL","NA","FAIL","NA","PASS","NA","PASS"
"S-10","chromium","1280x800-light","screenshots/chromium/1280x800-light/S-10.png","","","PASS","FAIL","NA","FAIL","NA","PASS","NA","PASS"
"S-10","chromium","1280x800-dark","screenshots/chromium/1280x800-dark/S-10.png","","","PASS","FAIL","NA","FAIL","NA","PASS","NA","PASS"
"S-11","chromium","390x844-light","screenshots/chromium/390x844-light/S-11.png","","","PASS","FAIL","NA","FAIL","NA","PASS","PASS","PASS"
"S-11","chromium","390x844-dark","screenshots/chromium/390x844-dark/S-11.png","","","PASS","FAIL","NA","FAIL","NA","PASS","PASS","PASS"
"S-11","chromium","844x390-light","screenshots/chromium/844x390-light/S-11.png","","","PASS","FAIL","NA","FAIL","NA","FAIL","PASS","PASS"
"S-11","chromium","844x390-dark","screenshots/chromium/844x390-dark/S-11.png","","","PASS","FAIL","NA","FAIL","NA","FAIL","PASS","PASS"
"S-11","chromium","768x1024-light","screenshots/chromium/768x1024-light/S-11.png","","","PASS","FAIL","NA","FAIL","NA","PASS","PASS","PASS"
"S-11","chromium","768x1024-dark","screenshots/chromium/768x1024-dark/S-11.png","","","PASS","FAIL","NA","FAIL","NA","PASS","PASS","PASS"
"S-11","chromium","1280x800-light","screenshots/chromium/1280x800-light/S-11.png","","","PASS","FAIL","NA","FAIL","NA","PASS","PASS","PASS"
"S-11","chromium","1280x800-dark","screenshots/chromium/1280x800-dark/S-11.png","","","PASS","FAIL","NA","FAIL","NA","PASS","PASS","PASS"
"S-12","chromium","390x844-light","screenshots/chromium/390x844-light/S-12.png","","","PASS","FAIL","NA","FAIL","NA","PASS","PASS","PASS"
"S-12","chromium","390x844-dark","screenshots/chromium/390x844-dark/S-12.png","","","PASS","FAIL","NA","FAIL","NA","PASS","PASS","PASS"
"S-12","chromium","844x390-light","screenshots/chromium/844x390-light/S-12.png","","","PASS","FAIL","NA","FAIL","NA","FAIL","PASS","PASS"
"S-12","chromium","844x390-dark","screenshots/chromium/844x390-dark/S-12.png","","","PASS","FAIL","NA","FAIL","NA","FAIL","PASS","PASS"
"S-12","chromium","768x1024-light","screenshots/chromium/768x1024-light/S-12.png","","","PASS","FAIL","NA","FAIL","NA","PASS","PASS","PASS"
"S-12","chromium","768x1024-dark","screenshots/chromium/768x1024-dark/S-12.png","","","PASS","FAIL","NA","FAIL","NA","PASS","PASS","PASS"
"S-12","chromium","1280x800-light","screenshots/chromium/1280x800-light/S-12.png","","","PASS","FAIL","NA","FAIL","NA","PASS","PASS","PASS"
"S-12","chromium","1280x800-dark","screenshots/chromium/1280x800-dark/S-12.png","","","PASS","FAIL","NA","FAIL","NA","PASS","PASS","PASS"
"S-13","chromium","390x844-light","screenshots/chromium/390x844-light/S-13.png","","","PASS","FAIL","NA","FAIL","NA","PASS","PASS","NA"
"S-13","chromium","390x844-dark","screenshots/chromium/390x844-dark/S-13.png","","","PASS","FAIL","NA","FAIL","NA","PASS","PASS","NA"
"S-13","chromium","844x390-light","screenshots/chromium/844x390-light/S-13.png","","","PASS","FAIL","NA","FAIL","NA","FAIL","PASS","NA"
"S-13","chromium","844x390-dark","screenshots/chromium/844x390-dark/S-13.png","","","PASS","FAIL","NA","FAIL","NA","FAIL","PASS","NA"
"S-13","chromium","768x1024-light","screenshots/chromium/768x1024-light/S-13.png","","","PASS","FAIL","NA","FAIL","NA","PASS","PASS","NA"
"S-13","chromium","768x1024-dark","screenshots/chromium/768x1024-dark/S-13.png","","","PASS","FAIL","NA","FAIL","NA","PASS","PASS","NA"
"S-13","chromium","1280x800-light","screenshots/chromium/1280x800-light/S-13.png","","","PASS","FAIL","NA","FAIL","NA","PASS","PASS","NA"
"S-13","chromium","1280x800-dark","screenshots/chromium/1280x800-dark/S-13.png","","","PASS","FAIL","NA","FAIL","NA","PASS","PASS","NA"
"S-14","chromium","390x844-light","screenshots/chromium/390x844-light/S-14.png","","","PASS","PASS","NA","NA","NA","PASS","NA","NA"
"S-14","chromium","390x844-dark","screenshots/chromium/390x844-dark/S-14.png","","","PASS","PASS","NA","NA","NA","PASS","NA","NA"
"S-14","chromium","844x390-light","screenshots/chromium/844x390-light/S-14.png","","","PASS","PASS","NA","NA","NA","FAIL","NA","NA"
"S-14","chromium","844x390-dark","screenshots/chromium/844x390-dark/S-14.png","","","PASS","PASS","NA","NA","NA","FAIL","NA","NA"
"S-14","chromium","768x1024-light","screenshots/chromium/768x1024-light/S-14.png","","","PASS","PASS","NA","NA","NA","PASS","NA","NA"
"S-14","chromium","768x1024-dark","screenshots/chromium/768x1024-dark/S-14.png","","","PASS","PASS","NA","NA","NA","PASS","NA","NA"
"S-14","chromium","1280x800-light","screenshots/chromium/1280x800-light/S-14.png","","","PASS","PASS","NA","NA","NA","PASS","NA","NA"
"S-14","chromium","1280x800-dark","screenshots/chromium/1280x800-dark/S-14.png","","","PASS","PASS","NA","NA","NA","PASS","NA","NA"
"S-15","chromium","390x844-light","screenshots/chromium/390x844-light/S-15.png","locator.waitFor: Timeout 4000ms exceeded.","","U","U","U","U","U","U","U","U"
"S-15","chromium","390x844-dark","screenshots/chromium/390x844-dark/S-15.png","locator.waitFor: Timeout 4000ms exceeded.","","U","U","U","U","U","U","U","U"
"S-15","chromium","844x390-light","screenshots/chromium/844x390-light/S-15.png","locator.waitFor: Timeout 4000ms exceeded.","","U","U","U","U","U","U","U","U"
"S-15","chromium","844x390-dark","screenshots/chromium/844x390-dark/S-15.png","locator.waitFor: Timeout 4000ms exceeded.","","U","U","U","U","U","U","U","U"
"S-15","chromium","768x1024-light","screenshots/chromium/768x1024-light/S-15.png","locator.waitFor: Timeout 4000ms exceeded.","","U","U","U","U","U","U","U","U"
"S-15","chromium","768x1024-dark","screenshots/chromium/768x1024-dark/S-15.png","locator.waitFor: Timeout 4000ms exceeded.","","U","U","U","U","U","U","U","U"
"S-15","chromium","1280x800-light","screenshots/chromium/1280x800-light/S-15.png","locator.waitFor: Timeout 4000ms exceeded.","","U","U","U","U","U","U","U","U"
"S-15","chromium","1280x800-dark","screenshots/chromium/1280x800-dark/S-15.png","locator.waitFor: Timeout 4000ms exceeded.","","U","U","U","U","U","U","U","U"
"S-16","chromium","390x844-light","screenshots/chromium/390x844-light/S-16.png","","","PASS","FAIL","PASS","FAIL","NA","PASS","NA","NA"
"S-16","chromium","390x844-dark","screenshots/chromium/390x844-dark/S-16.png","","","PASS","FAIL","PASS","FAIL","NA","PASS","NA","NA"
"S-16","chromium","844x390-light","screenshots/chromium/844x390-light/S-16.png","","","PASS","FAIL","PASS","FAIL","NA","FAIL","NA","NA"
"S-16","chromium","844x390-dark","screenshots/chromium/844x390-dark/S-16.png","","","PASS","FAIL","PASS","FAIL","NA","FAIL","NA","NA"
"S-16","chromium","768x1024-light","screenshots/chromium/768x1024-light/S-16.png","","","PASS","FAIL","PASS","FAIL","NA","PASS","NA","NA"
"S-16","chromium","768x1024-dark","screenshots/chromium/768x1024-dark/S-16.png","","","PASS","FAIL","PASS","FAIL","NA","PASS","NA","NA"
"S-16","chromium","1280x800-light","screenshots/chromium/1280x800-light/S-16.png","","","PASS","FAIL","PASS","FAIL","NA","PASS","NA","NA"
"S-16","chromium","1280x800-dark","screenshots/chromium/1280x800-dark/S-16.png","","","PASS","FAIL","PASS","FAIL","NA","PASS","NA","NA"
"S-17","chromium","390x844-light","screenshots/chromium/390x844-light/S-17.png","","","PASS","FAIL","NA","FAIL","NA","PASS","PASS","NA"
"S-17","chromium","390x844-dark","screenshots/chromium/390x844-dark/S-17.png","","","PASS","FAIL","NA","FAIL","NA","PASS","PASS","NA"
"S-17","chromium","844x390-light","screenshots/chromium/844x390-light/S-17.png","","","PASS","FAIL","NA","FAIL","NA","FAIL","PASS","NA"
"S-17","chromium","844x390-dark","screenshots/chromium/844x390-dark/S-17.png","","","PASS","FAIL","NA","FAIL","NA","FAIL","PASS","NA"
"S-17","chromium","768x1024-light","screenshots/chromium/768x1024-light/S-17.png","","","PASS","FAIL","NA","FAIL","NA","PASS","PASS","NA"
"S-17","chromium","768x1024-dark","screenshots/chromium/768x1024-dark/S-17.png","","","PASS","FAIL","NA","FAIL","NA","PASS","PASS","NA"
"S-17","chromium","1280x800-light","screenshots/chromium/1280x800-light/S-17.png","","","PASS","FAIL","NA","FAIL","NA","PASS","PASS","NA"
"S-17","chromium","1280x800-dark","screenshots/chromium/1280x800-dark/S-17.png","","","PASS","FAIL","NA","FAIL","NA","PASS","PASS","NA"
"S-18","chromium","390x844-light","screenshots/chromium/390x844-light/S-18.png","","","PASS","FAIL","NA","FAIL","NA","PASS","PASS","NA"
"S-18","chromium","390x844-dark","screenshots/chromium/390x844-dark/S-18.png","","","PASS","FAIL","NA","FAIL","NA","PASS","PASS","NA"
"S-18","chromium","844x390-light","screenshots/chromium/844x390-light/S-18.png","","","PASS","FAIL","NA","FAIL","NA","FAIL","PASS","NA"
"S-18","chromium","844x390-dark","screenshots/chromium/844x390-dark/S-18.png","","","PASS","FAIL","NA","FAIL","NA","FAIL","PASS","NA"
"S-18","chromium","768x1024-light","screenshots/chromium/768x1024-light/S-18.png","","","PASS","FAIL","NA","FAIL","NA","PASS","PASS","NA"
"S-18","chromium","768x1024-dark","screenshots/chromium/768x1024-dark/S-18.png","","","PASS","FAIL","NA","FAIL","NA","PASS","PASS","NA"
"S-18","chromium","1280x800-light","screenshots/chromium/1280x800-light/S-18.png","","","PASS","FAIL","NA","FAIL","NA","PASS","PASS","NA"
"S-18","chromium","1280x800-dark","screenshots/chromium/1280x800-dark/S-18.png","","","PASS","FAIL","NA","FAIL","NA","PASS","PASS","NA"
"S-19","chromium","390x844-light","screenshots/chromium/390x844-light/S-19.png","","","PASS","PASS","PASS","PASS","NA","PASS","NA","NA"
"S-19","chromium","390x844-dark","screenshots/chromium/390x844-dark/S-19.png","","","PASS","PASS","PASS","PASS","NA","PASS","NA","NA"
"S-19","chromium","844x390-light","screenshots/chromium/844x390-light/S-19.png","","","PASS","PASS","PASS","PASS","NA","FAIL","NA","NA"
"S-19","chromium","844x390-dark","screenshots/chromium/844x390-dark/S-19.png","","","PASS","PASS","PASS","PASS","NA","FAIL","NA","NA"
"S-19","chromium","768x1024-light","screenshots/chromium/768x1024-light/S-19.png","","","PASS","PASS","PASS","PASS","NA","PASS","NA","NA"
"S-19","chromium","768x1024-dark","screenshots/chromium/768x1024-dark/S-19.png","","","PASS","PASS","PASS","PASS","NA","PASS","NA","NA"
"S-19","chromium","1280x800-light","screenshots/chromium/1280x800-light/S-19.png","","","PASS","PASS","PASS","PASS","NA","PASS","NA","NA"
"S-19","chromium","1280x800-dark","screenshots/chromium/1280x800-dark/S-19.png","","","PASS","PASS","PASS","PASS","NA","PASS","NA","NA"
"S-20","chromium","390x844-light","screenshots/chromium/390x844-light/S-20.png","","","U","PASS","PASS","PASS","NA","PASS","NA","NA"
"S-20","chromium","390x844-dark","screenshots/chromium/390x844-dark/S-20.png","","","U","PASS","PASS","PASS","NA","PASS","NA","NA"
"S-20","chromium","844x390-light","screenshots/chromium/844x390-light/S-20.png","","","U","PASS","PASS","PASS","NA","FAIL","NA","NA"
"S-20","chromium","844x390-dark","screenshots/chromium/844x390-dark/S-20.png","","","U","PASS","PASS","PASS","NA","FAIL","NA","NA"
"S-20","chromium","768x1024-light","screenshots/chromium/768x1024-light/S-20.png","","","U","PASS","PASS","PASS","NA","PASS","NA","NA"
"S-20","chromium","768x1024-dark","screenshots/chromium/768x1024-dark/S-20.png","","","U","PASS","PASS","PASS","NA","PASS","NA","NA"
"S-20","chromium","1280x800-light","screenshots/chromium/1280x800-light/S-20.png","","","PASS","PASS","PASS","PASS","NA","PASS","NA","NA"
"S-20","chromium","1280x800-dark","screenshots/chromium/1280x800-dark/S-20.png","","","PASS","PASS","PASS","PASS","NA","PASS","NA","NA"
"S-21","chromium","390x844-light","screenshots/chromium/390x844-light/S-21.png","","","PASS","NA","NA","NA","NA","PASS","NA","NA"
"S-21","chromium","390x844-dark","screenshots/chromium/390x844-dark/S-21.png","","","PASS","NA","NA","NA","NA","PASS","NA","NA"
"S-21","chromium","844x390-light","screenshots/chromium/844x390-light/S-21.png","","","PASS","NA","NA","NA","NA","FAIL","NA","NA"
"S-21","chromium","844x390-dark","screenshots/chromium/844x390-dark/S-21.png","","","PASS","NA","NA","NA","NA","FAIL","NA","NA"
"S-21","chromium","768x1024-light","screenshots/chromium/768x1024-light/S-21.png","","","PASS","NA","NA","NA","NA","PASS","NA","NA"
"S-21","chromium","768x1024-dark","screenshots/chromium/768x1024-dark/S-21.png","","","PASS","NA","NA","NA","NA","PASS","NA","NA"
"S-21","chromium","1280x800-light","screenshots/chromium/1280x800-light/S-21.png","","","PASS","NA","NA","NA","NA","PASS","NA","NA"
"S-21","chromium","1280x800-dark","screenshots/chromium/1280x800-dark/S-21.png","","","PASS","NA","NA","NA","NA","PASS","NA","NA"
"S-22","chromium","390x844-light","screenshots/chromium/390x844-light/S-22.png","","","PASS","PASS","PASS","FAIL","FAIL","PASS","NA","NA"
"S-22","chromium","390x844-dark","screenshots/chromium/390x844-dark/S-22.png","","","PASS","PASS","PASS","FAIL","FAIL","PASS","NA","NA"
"S-22","chromium","844x390-light","screenshots/chromium/844x390-light/S-22.png","","","U","PASS","PASS","FAIL","FAIL","FAIL","NA","NA"
"S-22","chromium","844x390-dark","screenshots/chromium/844x390-dark/S-22.png","","","U","PASS","PASS","FAIL","FAIL","FAIL","NA","NA"
"S-22","chromium","768x1024-light","screenshots/chromium/768x1024-light/S-22.png","","","PASS","PASS","PASS","FAIL","FAIL","PASS","NA","NA"
"S-22","chromium","768x1024-dark","screenshots/chromium/768x1024-dark/S-22.png","","","PASS","PASS","PASS","FAIL","FAIL","PASS","NA","NA"
"S-22","chromium","1280x800-light","screenshots/chromium/1280x800-light/S-22.png","","","PASS","PASS","PASS","FAIL","FAIL","PASS","NA","NA"
"S-22","chromium","1280x800-dark","screenshots/chromium/1280x800-dark/S-22.png","","","PASS","PASS","PASS","FAIL","FAIL","PASS","NA","NA"
"S-23","chromium","390x844-light","screenshots/chromium/390x844-light/S-23.png","Native delete confirmation requires Delete; excluded from allowed navigation.","","U","U","U","U","U","U","U","U"
"S-23","chromium","390x844-dark","screenshots/chromium/390x844-dark/S-23.png","Native delete confirmation requires Delete; excluded from allowed navigation.","","U","U","U","U","U","U","U","U"
"S-23","chromium","844x390-light","screenshots/chromium/844x390-light/S-23.png","Native delete confirmation requires Delete; excluded from allowed navigation.","","U","U","U","U","U","U","U","U"
"S-23","chromium","844x390-dark","screenshots/chromium/844x390-dark/S-23.png","Native delete confirmation requires Delete; excluded from allowed navigation.","","U","U","U","U","U","U","U","U"
"S-23","chromium","768x1024-light","screenshots/chromium/768x1024-light/S-23.png","Native delete confirmation requires Delete; excluded from allowed navigation.","","U","U","U","U","U","U","U","U"
"S-23","chromium","768x1024-dark","screenshots/chromium/768x1024-dark/S-23.png","Native delete confirmation requires Delete; excluded from allowed navigation.","","U","U","U","U","U","U","U","U"
"S-23","chromium","1280x800-light","screenshots/chromium/1280x800-light/S-23.png","Native delete confirmation requires Delete; excluded from allowed navigation.","","U","U","U","U","U","U","U","U"
"S-23","chromium","1280x800-dark","screenshots/chromium/1280x800-dark/S-23.png","Native delete confirmation requires Delete; excluded from allowed navigation.","","U","U","U","U","U","U","U","U"
"S-24","chromium","390x844-light","screenshots/chromium/390x844-light/S-24.png","","","PASS","PASS","PASS","PASS","NA","PASS","NA","NA"
"S-24","chromium","390x844-dark","screenshots/chromium/390x844-dark/S-24.png","","","PASS","PASS","PASS","PASS","NA","PASS","NA","NA"
"S-24","chromium","844x390-light","screenshots/chromium/844x390-light/S-24.png","","","PASS","PASS","PASS","PASS","NA","FAIL","NA","NA"
"S-24","chromium","844x390-dark","screenshots/chromium/844x390-dark/S-24.png","","","PASS","PASS","PASS","PASS","NA","FAIL","NA","NA"
"S-24","chromium","768x1024-light","screenshots/chromium/768x1024-light/S-24.png","","","PASS","PASS","PASS","PASS","NA","PASS","NA","NA"
"S-24","chromium","768x1024-dark","screenshots/chromium/768x1024-dark/S-24.png","","","PASS","PASS","PASS","PASS","NA","PASS","NA","NA"
"S-24","chromium","1280x800-light","screenshots/chromium/1280x800-light/S-24.png","","","PASS","PASS","PASS","PASS","NA","PASS","NA","NA"
"S-24","chromium","1280x800-dark","screenshots/chromium/1280x800-dark/S-24.png","","","PASS","PASS","PASS","PASS","NA","PASS","NA","NA"
"S-25","chromium","390x844-light","screenshots/chromium/390x844-light/S-25.png","","","U","PASS","PASS","FAIL","NA","PASS","FAIL","FAIL"
"S-25","chromium","390x844-dark","screenshots/chromium/390x844-dark/S-25.png","","","U","PASS","PASS","FAIL","NA","PASS","FAIL","FAIL"
"S-25","chromium","844x390-light","screenshots/chromium/844x390-light/S-25.png","","","U","PASS","PASS","FAIL","NA","FAIL","FAIL","FAIL"
"S-25","chromium","844x390-dark","screenshots/chromium/844x390-dark/S-25.png","","","FAIL","PASS","PASS","FAIL","NA","FAIL","FAIL","FAIL"
"S-25","chromium","768x1024-light","screenshots/chromium/768x1024-light/S-25.png","","","U","PASS","PASS","FAIL","NA","PASS","FAIL","FAIL"
"S-25","chromium","768x1024-dark","screenshots/chromium/768x1024-dark/S-25.png","","","U","PASS","PASS","FAIL","NA","PASS","FAIL","FAIL"
"S-25","chromium","1280x800-light","screenshots/chromium/1280x800-light/S-25.png","","","U","PASS","PASS","FAIL","NA","PASS","FAIL","FAIL"
"S-25","chromium","1280x800-dark","screenshots/chromium/1280x800-dark/S-25.png","","","U","PASS","PASS","FAIL","NA","PASS","FAIL","FAIL"
"S-26","chromium","390x844-light","screenshots/chromium/390x844-light/S-26.png","","","U","PASS","PASS","FAIL","NA","PASS","FAIL","FAIL"
"S-26","chromium","390x844-dark","screenshots/chromium/390x844-dark/S-26.png","","","U","PASS","PASS","FAIL","NA","PASS","FAIL","FAIL"
"S-26","chromium","844x390-light","screenshots/chromium/844x390-light/S-26.png","","","U","PASS","PASS","FAIL","NA","FAIL","FAIL","FAIL"
"S-26","chromium","844x390-dark","screenshots/chromium/844x390-dark/S-26.png","","","U","PASS","PASS","FAIL","NA","FAIL","FAIL","FAIL"
"S-26","chromium","768x1024-light","screenshots/chromium/768x1024-light/S-26.png","","","U","PASS","PASS","FAIL","NA","PASS","FAIL","FAIL"
"S-26","chromium","768x1024-dark","screenshots/chromium/768x1024-dark/S-26.png","","","U","PASS","PASS","FAIL","NA","PASS","FAIL","FAIL"
"S-26","chromium","1280x800-light","screenshots/chromium/1280x800-light/S-26.png","","","U","PASS","PASS","FAIL","NA","PASS","FAIL","FAIL"
"S-26","chromium","1280x800-dark","screenshots/chromium/1280x800-dark/S-26.png","","","U","PASS","PASS","FAIL","NA","PASS","FAIL","FAIL"
"S-27","chromium","390x844-light","screenshots/chromium/390x844-light/S-27.png","","","U","PASS","PASS","FAIL","NA","PASS","FAIL","FAIL"
"S-27","chromium","390x844-dark","screenshots/chromium/390x844-dark/S-27.png","","","U","PASS","PASS","FAIL","NA","PASS","FAIL","FAIL"
"S-27","chromium","844x390-light","screenshots/chromium/844x390-light/S-27.png","","","U","PASS","PASS","FAIL","NA","FAIL","FAIL","FAIL"
"S-27","chromium","844x390-dark","screenshots/chromium/844x390-dark/S-27.png","","","U","PASS","PASS","FAIL","NA","FAIL","FAIL","FAIL"
"S-27","chromium","768x1024-light","screenshots/chromium/768x1024-light/S-27.png","","","U","PASS","PASS","FAIL","NA","PASS","FAIL","FAIL"
"S-27","chromium","768x1024-dark","screenshots/chromium/768x1024-dark/S-27.png","","","U","PASS","PASS","FAIL","NA","PASS","FAIL","FAIL"
"S-27","chromium","1280x800-light","screenshots/chromium/1280x800-light/S-27.png","","","U","PASS","PASS","FAIL","NA","PASS","FAIL","FAIL"
"S-27","chromium","1280x800-dark","screenshots/chromium/1280x800-dark/S-27.png","","","U","PASS","PASS","FAIL","NA","PASS","FAIL","FAIL"
"S-28","chromium","390x844-light","screenshots/chromium/390x844-light/S-28.png","","","U","PASS","PASS","FAIL","NA","PASS","FAIL","FAIL"
"S-28","chromium","390x844-dark","screenshots/chromium/390x844-dark/S-28.png","","","U","PASS","PASS","FAIL","NA","PASS","FAIL","FAIL"
"S-28","chromium","844x390-light","screenshots/chromium/844x390-light/S-28.png","","","U","PASS","PASS","FAIL","NA","FAIL","FAIL","FAIL"
"S-28","chromium","844x390-dark","screenshots/chromium/844x390-dark/S-28.png","","","U","PASS","PASS","FAIL","NA","FAIL","FAIL","FAIL"
"S-28","chromium","768x1024-light","screenshots/chromium/768x1024-light/S-28.png","","","U","PASS","PASS","FAIL","NA","PASS","FAIL","FAIL"
"S-28","chromium","768x1024-dark","screenshots/chromium/768x1024-dark/S-28.png","","","U","PASS","PASS","FAIL","NA","PASS","FAIL","FAIL"
"S-28","chromium","1280x800-light","screenshots/chromium/1280x800-light/S-28.png","","","U","PASS","PASS","FAIL","NA","PASS","FAIL","FAIL"
"S-28","chromium","1280x800-dark","screenshots/chromium/1280x800-dark/S-28.png","","","U","PASS","PASS","FAIL","NA","PASS","FAIL","FAIL"
"S-29","chromium","390x844-light","screenshots/chromium/390x844-light/S-29.png","","","PASS","NA","NA","NA","NA","PASS","NA","NA"
"S-29","chromium","390x844-dark","screenshots/chromium/390x844-dark/S-29.png","","","PASS","NA","NA","NA","NA","PASS","NA","NA"
"S-29","chromium","844x390-light","screenshots/chromium/844x390-light/S-29.png","","","PASS","NA","NA","NA","NA","FAIL","NA","NA"
"S-29","chromium","844x390-dark","screenshots/chromium/844x390-dark/S-29.png","","","PASS","NA","NA","NA","NA","FAIL","NA","NA"
"S-29","chromium","768x1024-light","screenshots/chromium/768x1024-light/S-29.png","","","PASS","NA","NA","NA","NA","PASS","NA","NA"
"S-29","chromium","768x1024-dark","screenshots/chromium/768x1024-dark/S-29.png","","","PASS","NA","NA","NA","NA","PASS","NA","NA"
"S-29","chromium","1280x800-light","screenshots/chromium/1280x800-light/S-29.png","","","PASS","NA","NA","NA","NA","PASS","NA","NA"
"S-29","chromium","1280x800-dark","screenshots/chromium/1280x800-dark/S-29.png","","","PASS","NA","NA","NA","NA","PASS","NA","NA"
"S-30","chromium","390x844-light","screenshots/chromium/390x844-light/S-30.png","","","PASS","PASS","PASS","PASS","NA","PASS","NA","PASS"
"S-30","chromium","390x844-dark","screenshots/chromium/390x844-dark/S-30.png","","","PASS","PASS","PASS","PASS","NA","PASS","NA","PASS"
"S-30","chromium","844x390-light","screenshots/chromium/844x390-light/S-30.png","","","PASS","PASS","PASS","PASS","NA","FAIL","NA","PASS"
"S-30","chromium","844x390-dark","screenshots/chromium/844x390-dark/S-30.png","","","PASS","PASS","PASS","PASS","NA","FAIL","NA","PASS"
"S-30","chromium","768x1024-light","screenshots/chromium/768x1024-light/S-30.png","","","PASS","PASS","PASS","PASS","NA","PASS","NA","PASS"
"S-30","chromium","768x1024-dark","screenshots/chromium/768x1024-dark/S-30.png","","","PASS","PASS","PASS","PASS","NA","PASS","NA","PASS"
"S-30","chromium","1280x800-light","screenshots/chromium/1280x800-light/S-30.png","","","PASS","PASS","PASS","PASS","NA","PASS","NA","PASS"
"S-30","chromium","1280x800-dark","screenshots/chromium/1280x800-dark/S-30.png","","","PASS","PASS","PASS","PASS","NA","PASS","NA","PASS"
"S-31","chromium","390x844-light","screenshots/chromium/390x844-light/S-31.png","","","PASS","PASS","NA","NA","NA","PASS","NA","PASS"
"S-31","chromium","390x844-dark","screenshots/chromium/390x844-dark/S-31.png","","","PASS","PASS","NA","NA","NA","PASS","NA","PASS"
"S-31","chromium","844x390-light","screenshots/chromium/844x390-light/S-31.png","","","PASS","PASS","NA","NA","NA","FAIL","NA","PASS"
"S-31","chromium","844x390-dark","screenshots/chromium/844x390-dark/S-31.png","","","PASS","PASS","NA","NA","NA","FAIL","NA","PASS"
"S-31","chromium","768x1024-light","screenshots/chromium/768x1024-light/S-31.png","","","PASS","PASS","NA","NA","NA","PASS","NA","PASS"
"S-31","chromium","768x1024-dark","screenshots/chromium/768x1024-dark/S-31.png","","","PASS","PASS","NA","NA","NA","PASS","NA","PASS"
"S-31","chromium","1280x800-light","screenshots/chromium/1280x800-light/S-31.png","","","PASS","PASS","NA","NA","NA","PASS","NA","PASS"
"S-31","chromium","1280x800-dark","screenshots/chromium/1280x800-dark/S-31.png","","","PASS","PASS","NA","NA","NA","PASS","NA","PASS"
"S-32","chromium","390x844-light","screenshots/chromium/390x844-light/S-32.png","","","PASS","PASS","PASS","PASS","NA","PASS","NA","PASS"
"S-32","chromium","390x844-dark","screenshots/chromium/390x844-dark/S-32.png","","","PASS","PASS","PASS","PASS","NA","PASS","NA","PASS"
"S-32","chromium","844x390-light","screenshots/chromium/844x390-light/S-32.png","","","PASS","PASS","PASS","PASS","NA","FAIL","NA","PASS"
"S-32","chromium","844x390-dark","screenshots/chromium/844x390-dark/S-32.png","","","PASS","PASS","PASS","PASS","NA","FAIL","NA","PASS"
"S-32","chromium","768x1024-light","screenshots/chromium/768x1024-light/S-32.png","","","PASS","PASS","PASS","PASS","NA","PASS","NA","PASS"
"S-32","chromium","768x1024-dark","screenshots/chromium/768x1024-dark/S-32.png","","","PASS","PASS","PASS","PASS","NA","PASS","NA","PASS"
"S-32","chromium","1280x800-light","screenshots/chromium/1280x800-light/S-32.png","","","PASS","PASS","PASS","PASS","NA","PASS","NA","PASS"
"S-32","chromium","1280x800-dark","screenshots/chromium/1280x800-dark/S-32.png","","","PASS","PASS","PASS","PASS","NA","PASS","NA","PASS"
"S-33","chromium","390x844-light","screenshots/chromium/390x844-light/S-33.png","","","PASS","FAIL","PASS","FAIL","U","PASS","NA","PASS"
"S-33","chromium","390x844-dark","screenshots/chromium/390x844-dark/S-33.png","","","PASS","FAIL","PASS","FAIL","U","PASS","NA","PASS"
"S-33","chromium","844x390-light","screenshots/chromium/844x390-light/S-33.png","","","PASS","FAIL","PASS","FAIL","U","FAIL","NA","PASS"
"S-33","chromium","844x390-dark","screenshots/chromium/844x390-dark/S-33.png","","","PASS","FAIL","PASS","FAIL","U","FAIL","NA","PASS"
"S-33","chromium","768x1024-light","screenshots/chromium/768x1024-light/S-33.png","","","PASS","FAIL","PASS","FAIL","U","PASS","NA","PASS"
"S-33","chromium","768x1024-dark","screenshots/chromium/768x1024-dark/S-33.png","","","PASS","FAIL","PASS","FAIL","U","PASS","NA","PASS"
"S-33","chromium","1280x800-light","screenshots/chromium/1280x800-light/S-33.png","","","PASS","FAIL","PASS","FAIL","U","PASS","NA","PASS"
"S-33","chromium","1280x800-dark","screenshots/chromium/1280x800-dark/S-33.png","","","FAIL","FAIL","PASS","FAIL","U","PASS","NA","PASS"
"S-34","chromium","390x844-light","screenshots/chromium/390x844-light/S-34.png","No live edit-locked order found","","U","U","U","U","U","U","U","U"
"S-34","chromium","390x844-dark","screenshots/chromium/390x844-dark/S-34.png","No live edit-locked order found","","U","U","U","U","U","U","U","U"
"S-34","chromium","844x390-light","screenshots/chromium/844x390-light/S-34.png","No live edit-locked order found","","U","U","U","U","U","U","U","U"
"S-34","chromium","844x390-dark","screenshots/chromium/844x390-dark/S-34.png","No live edit-locked order found","","U","U","U","U","U","U","U","U"
"S-34","chromium","768x1024-light","screenshots/chromium/768x1024-light/S-34.png","No live edit-locked order found","","U","U","U","U","U","U","U","U"
"S-34","chromium","768x1024-dark","screenshots/chromium/768x1024-dark/S-34.png","No live edit-locked order found","","U","U","U","U","U","U","U","U"
"S-34","chromium","1280x800-light","screenshots/chromium/1280x800-light/S-34.png","No live edit-locked order found","","U","U","U","U","U","U","U","U"
"S-34","chromium","1280x800-dark","screenshots/chromium/1280x800-dark/S-34.png","No live edit-locked order found","","U","U","U","U","U","U","U","U"
"S-35","chromium","390x844-light","screenshots/chromium/390x844-light/S-35.png","Status confirmation requires saving a status change; prohibited.","","U","U","U","U","U","U","U","U"
"S-35","chromium","390x844-dark","screenshots/chromium/390x844-dark/S-35.png","Status confirmation requires saving a status change; prohibited.","","U","U","U","U","U","U","U","U"
"S-35","chromium","844x390-light","screenshots/chromium/844x390-light/S-35.png","Status confirmation requires saving a status change; prohibited.","","U","U","U","U","U","U","U","U"
"S-35","chromium","844x390-dark","screenshots/chromium/844x390-dark/S-35.png","Status confirmation requires saving a status change; prohibited.","","U","U","U","U","U","U","U","U"
"S-35","chromium","768x1024-light","screenshots/chromium/768x1024-light/S-35.png","Status confirmation requires saving a status change; prohibited.","","U","U","U","U","U","U","U","U"
"S-35","chromium","768x1024-dark","screenshots/chromium/768x1024-dark/S-35.png","Status confirmation requires saving a status change; prohibited.","","U","U","U","U","U","U","U","U"
"S-35","chromium","1280x800-light","screenshots/chromium/1280x800-light/S-35.png","Status confirmation requires saving a status change; prohibited.","","U","U","U","U","U","U","U","U"
"S-35","chromium","1280x800-dark","screenshots/chromium/1280x800-dark/S-35.png","Status confirmation requires saving a status change; prohibited.","","U","U","U","U","U","U","U","U"
"S-36","chromium","390x844-light","screenshots/chromium/390x844-light/S-36.png","","","PASS","PASS","PASS","PASS","U","PASS","NA","NA"
"S-36","chromium","390x844-dark","screenshots/chromium/390x844-dark/S-36.png","","","PASS","PASS","PASS","PASS","U","PASS","NA","NA"
"S-36","chromium","844x390-light","screenshots/chromium/844x390-light/S-36.png","","","PASS","PASS","PASS","PASS","U","FAIL","NA","NA"
"S-36","chromium","844x390-dark","screenshots/chromium/844x390-dark/S-36.png","","","PASS","PASS","PASS","PASS","U","FAIL","NA","NA"
"S-36","chromium","768x1024-light","screenshots/chromium/768x1024-light/S-36.png","","","PASS","PASS","PASS","PASS","U","PASS","NA","NA"
"S-36","chromium","768x1024-dark","screenshots/chromium/768x1024-dark/S-36.png","","","PASS","PASS","PASS","PASS","U","PASS","NA","NA"
"S-36","chromium","1280x800-light","screenshots/chromium/1280x800-light/S-36.png","","","PASS","PASS","PASS","PASS","U","PASS","NA","NA"
"S-36","chromium","1280x800-dark","screenshots/chromium/1280x800-dark/S-36.png","","","PASS","PASS","PASS","PASS","U","PASS","NA","NA"
"S-37","chromium","390x844-light","screenshots/chromium/390x844-light/S-37.png","Requested region is not visible: .allocation-table-wrap","","U","U","U","U","U","U","U","U"
"S-37","chromium","390x844-dark","screenshots/chromium/390x844-dark/S-37.png","Requested region is not visible: .allocation-table-wrap","","U","U","U","U","U","U","U","U"
"S-37","chromium","844x390-light","screenshots/chromium/844x390-light/S-37.png","Requested region is not visible: .allocation-table-wrap","","U","U","U","U","U","U","U","U"
"S-37","chromium","844x390-dark","screenshots/chromium/844x390-dark/S-37.png","Requested region is not visible: .allocation-table-wrap","","U","U","U","U","U","U","U","U"
"S-37","chromium","768x1024-light","screenshots/chromium/768x1024-light/S-37.png","Requested region is not visible: .allocation-table-wrap","","U","U","U","U","U","U","U","U"
"S-37","chromium","768x1024-dark","screenshots/chromium/768x1024-dark/S-37.png","Requested region is not visible: .allocation-table-wrap","","U","U","U","U","U","U","U","U"
"S-37","chromium","1280x800-light","screenshots/chromium/1280x800-light/S-37.png","Requested region is not visible: .allocation-table-wrap","","U","U","U","U","U","U","U","U"
"S-37","chromium","1280x800-dark","screenshots/chromium/1280x800-dark/S-37.png","Requested region is not visible: .allocation-table-wrap","","U","U","U","U","U","U","U","U"
"S-38","chromium","390x844-light","screenshots/chromium/390x844-light/S-38.png","Reservation release confirmation requires Release; excluded from allowed navigation.","","U","U","U","U","U","U","U","U"
"S-38","chromium","390x844-dark","screenshots/chromium/390x844-dark/S-38.png","Reservation release confirmation requires Release; excluded from allowed navigation.","","U","U","U","U","U","U","U","U"
"S-38","chromium","844x390-light","screenshots/chromium/844x390-light/S-38.png","Reservation release confirmation requires Release; excluded from allowed navigation.","","U","U","U","U","U","U","U","U"
"S-38","chromium","844x390-dark","screenshots/chromium/844x390-dark/S-38.png","Reservation release confirmation requires Release; excluded from allowed navigation.","","U","U","U","U","U","U","U","U"
"S-38","chromium","768x1024-light","screenshots/chromium/768x1024-light/S-38.png","Reservation release confirmation requires Release; excluded from allowed navigation.","","U","U","U","U","U","U","U","U"
"S-38","chromium","768x1024-dark","screenshots/chromium/768x1024-dark/S-38.png","Reservation release confirmation requires Release; excluded from allowed navigation.","","U","U","U","U","U","U","U","U"
"S-38","chromium","1280x800-light","screenshots/chromium/1280x800-light/S-38.png","Reservation release confirmation requires Release; excluded from allowed navigation.","","U","U","U","U","U","U","U","U"
"S-38","chromium","1280x800-dark","screenshots/chromium/1280x800-dark/S-38.png","Reservation release confirmation requires Release; excluded from allowed navigation.","","U","U","U","U","U","U","U","U"
"S-39","chromium","390x844-light","screenshots/chromium/390x844-light/S-39.png","Shipping preview requires POST; its discovery requests were blocked before transmission. Not invoked under the GET-only policy.","","U","U","U","U","U","U","U","U"
"S-39","chromium","390x844-dark","screenshots/chromium/390x844-dark/S-39.png","Shipping preview requires POST; its discovery requests were blocked before transmission. Not invoked under the GET-only policy.","","U","U","U","U","U","U","U","U"
"S-39","chromium","844x390-light","screenshots/chromium/844x390-light/S-39.png","Shipping preview requires POST; its discovery requests were blocked before transmission. Not invoked under the GET-only policy.","","U","U","U","U","U","U","U","U"
"S-39","chromium","844x390-dark","screenshots/chromium/844x390-dark/S-39.png","Shipping preview requires POST; its discovery requests were blocked before transmission. Not invoked under the GET-only policy.","","U","U","U","U","U","U","U","U"
"S-39","chromium","768x1024-light","screenshots/chromium/768x1024-light/S-39.png","Shipping preview requires POST; its discovery requests were blocked before transmission. Not invoked under the GET-only policy.","","U","U","U","U","U","U","U","U"
"S-39","chromium","768x1024-dark","screenshots/chromium/768x1024-dark/S-39.png","Shipping preview requires POST; its discovery requests were blocked before transmission. Not invoked under the GET-only policy.","","U","U","U","U","U","U","U","U"
"S-39","chromium","1280x800-light","screenshots/chromium/1280x800-light/S-39.png","Shipping preview requires POST; its discovery requests were blocked before transmission. Not invoked under the GET-only policy.","","U","U","U","U","U","U","U","U"
"S-39","chromium","1280x800-dark","screenshots/chromium/1280x800-dark/S-39.png","Shipping preview requires POST; its discovery requests were blocked before transmission. Not invoked under the GET-only policy.","","U","U","U","U","U","U","U","U"
"S-40","chromium","390x844-light","screenshots/chromium/390x844-light/S-40.png","","","PASS","NA","NA","NA","NA","PASS","NA","NA"
"S-40","chromium","390x844-dark","screenshots/chromium/390x844-dark/S-40.png","","","PASS","NA","NA","NA","NA","PASS","NA","NA"
"S-40","chromium","844x390-light","screenshots/chromium/844x390-light/S-40.png","","","PASS","NA","NA","NA","NA","FAIL","NA","NA"
"S-40","chromium","844x390-dark","screenshots/chromium/844x390-dark/S-40.png","","","PASS","NA","NA","NA","NA","FAIL","NA","NA"
"S-40","chromium","768x1024-light","screenshots/chromium/768x1024-light/S-40.png","","","PASS","NA","NA","NA","NA","PASS","NA","NA"
"S-40","chromium","768x1024-dark","screenshots/chromium/768x1024-dark/S-40.png","","","PASS","NA","NA","NA","NA","PASS","NA","NA"
"S-40","chromium","1280x800-light","screenshots/chromium/1280x800-light/S-40.png","","","PASS","NA","NA","NA","NA","PASS","NA","NA"
"S-40","chromium","1280x800-dark","screenshots/chromium/1280x800-dark/S-40.png","","","PASS","NA","NA","NA","NA","PASS","NA","NA"
"S-41","chromium","390x844-light","screenshots/chromium/390x844-light/S-41.png","","","PASS","PASS","PASS","PASS","NA","PASS","NA","NA"
"S-41","chromium","390x844-dark","screenshots/chromium/390x844-dark/S-41.png","","","PASS","PASS","PASS","PASS","NA","PASS","NA","NA"
"S-41","chromium","844x390-light","screenshots/chromium/844x390-light/S-41.png","","","PASS","PASS","PASS","PASS","NA","FAIL","NA","NA"
"S-41","chromium","844x390-dark","screenshots/chromium/844x390-dark/S-41.png","","","PASS","PASS","PASS","PASS","NA","FAIL","NA","NA"
"S-41","chromium","768x1024-light","screenshots/chromium/768x1024-light/S-41.png","","","PASS","PASS","PASS","PASS","NA","PASS","NA","NA"
"S-41","chromium","768x1024-dark","screenshots/chromium/768x1024-dark/S-41.png","","","PASS","PASS","PASS","PASS","NA","PASS","NA","NA"
"S-41","chromium","1280x800-light","screenshots/chromium/1280x800-light/S-41.png","","","PASS","PASS","PASS","PASS","NA","PASS","NA","NA"
"S-41","chromium","1280x800-dark","screenshots/chromium/1280x800-dark/S-41.png","","","PASS","PASS","PASS","PASS","NA","PASS","NA","NA"
"S-42","chromium","390x844-light","screenshots/chromium/390x844-light/S-42.png","locator.waitFor: Timeout 15000ms exceeded.","","U","U","U","U","U","U","U","U"
"S-42","chromium","390x844-dark","screenshots/chromium/390x844-dark/S-42.png","locator.waitFor: Timeout 15000ms exceeded.","","U","U","U","U","U","U","U","U"
"S-42","chromium","844x390-light","screenshots/chromium/844x390-light/S-42.png","locator.waitFor: Timeout 15000ms exceeded.","","U","U","U","U","U","U","U","U"
"S-42","chromium","844x390-dark","screenshots/chromium/844x390-dark/S-42.png","locator.waitFor: Timeout 15000ms exceeded.","","U","U","U","U","U","U","U","U"
"S-42","chromium","768x1024-light","screenshots/chromium/768x1024-light/S-42.png","locator.waitFor: Timeout 15000ms exceeded.","","U","U","U","U","U","U","U","U"
"S-42","chromium","768x1024-dark","screenshots/chromium/768x1024-dark/S-42.png","locator.waitFor: Timeout 15000ms exceeded.","","U","U","U","U","U","U","U","U"
"S-42","chromium","1280x800-light","screenshots/chromium/1280x800-light/S-42.png","locator.waitFor: Timeout 15000ms exceeded.","","U","U","U","U","U","U","U","U"
"S-42","chromium","1280x800-dark","screenshots/chromium/1280x800-dark/S-42.png","locator.waitFor: Timeout 15000ms exceeded.","","U","U","U","U","U","U","U","U"
"S-43","chromium","390x844-light","screenshots/chromium/390x844-light/S-43.png","locator.waitFor: Timeout 15000ms exceeded.","","U","U","U","U","U","U","U","U"
"S-43","chromium","390x844-dark","screenshots/chromium/390x844-dark/S-43.png","locator.waitFor: Timeout 15000ms exceeded.","","U","U","U","U","U","U","U","U"
"S-43","chromium","844x390-light","screenshots/chromium/844x390-light/S-43.png","locator.waitFor: Timeout 15000ms exceeded.","","U","U","U","U","U","U","U","U"
"S-43","chromium","844x390-dark","screenshots/chromium/844x390-dark/S-43.png","locator.waitFor: Timeout 15000ms exceeded.","","U","U","U","U","U","U","U","U"
"S-43","chromium","768x1024-light","screenshots/chromium/768x1024-light/S-43.png","locator.waitFor: Timeout 15000ms exceeded.","","U","U","U","U","U","U","U","U"
"S-43","chromium","768x1024-dark","screenshots/chromium/768x1024-dark/S-43.png","locator.waitFor: Timeout 15000ms exceeded.","","U","U","U","U","U","U","U","U"
"S-43","chromium","1280x800-light","screenshots/chromium/1280x800-light/S-43.png","locator.waitFor: Timeout 15000ms exceeded.","","U","U","U","U","U","U","U","U"
"S-43","chromium","1280x800-dark","screenshots/chromium/1280x800-dark/S-43.png","locator.waitFor: Timeout 15000ms exceeded.","","U","U","U","U","U","U","U","U"
"S-44","chromium","390x844-light","screenshots/chromium/390x844-light/S-44.png","","","PASS","NA","NA","NA","NA","PASS","PASS","NA"
"S-44","chromium","390x844-dark","screenshots/chromium/390x844-dark/S-44.png","","","PASS","NA","NA","NA","NA","PASS","PASS","NA"
"S-44","chromium","844x390-light","screenshots/chromium/844x390-light/S-44.png","","","PASS","NA","NA","NA","NA","FAIL","PASS","NA"
"S-44","chromium","844x390-dark","screenshots/chromium/844x390-dark/S-44.png","","","PASS","NA","NA","NA","NA","FAIL","PASS","NA"
"S-44","chromium","768x1024-light","screenshots/chromium/768x1024-light/S-44.png","","","PASS","NA","NA","NA","NA","PASS","PASS","NA"
"S-44","chromium","768x1024-dark","screenshots/chromium/768x1024-dark/S-44.png","","","PASS","NA","NA","NA","NA","PASS","PASS","NA"
"S-44","chromium","1280x800-light","screenshots/chromium/1280x800-light/S-44.png","","","PASS","NA","NA","NA","NA","PASS","PASS","NA"
"S-44","chromium","1280x800-dark","screenshots/chromium/1280x800-dark/S-44.png","","","PASS","NA","NA","NA","NA","PASS","PASS","NA"
"S-45","chromium","390x844-light","screenshots/chromium/390x844-light/S-45.png","","","PASS","PASS","PASS","PASS","U","PASS","NA","NA"
"S-45","chromium","390x844-dark","screenshots/chromium/390x844-dark/S-45.png","","","PASS","PASS","PASS","PASS","U","PASS","NA","NA"
"S-45","chromium","844x390-light","screenshots/chromium/844x390-light/S-45.png","","","PASS","PASS","PASS","PASS","U","FAIL","NA","NA"
"S-45","chromium","844x390-dark","screenshots/chromium/844x390-dark/S-45.png","","","U","PASS","PASS","PASS","U","FAIL","NA","NA"
"S-45","chromium","768x1024-light","screenshots/chromium/768x1024-light/S-45.png","","","PASS","PASS","PASS","PASS","U","PASS","NA","NA"
"S-45","chromium","768x1024-dark","screenshots/chromium/768x1024-dark/S-45.png","","","PASS","PASS","PASS","PASS","U","PASS","NA","NA"
"S-45","chromium","1280x800-light","screenshots/chromium/1280x800-light/S-45.png","","","PASS","PASS","PASS","PASS","U","PASS","NA","NA"
"S-45","chromium","1280x800-dark","screenshots/chromium/1280x800-dark/S-45.png","","","PASS","PASS","PASS","PASS","U","PASS","NA","NA"
"S-46","chromium","390x844-light","screenshots/chromium/390x844-light/S-46.png","","","PASS","PASS","NA","NA","NA","PASS","PASS","NA"
"S-46","chromium","390x844-dark","screenshots/chromium/390x844-dark/S-46.png","","","PASS","PASS","NA","NA","NA","PASS","PASS","NA"
"S-46","chromium","844x390-light","screenshots/chromium/844x390-light/S-46.png","","","PASS","PASS","NA","NA","NA","FAIL","PASS","NA"
"S-46","chromium","844x390-dark","screenshots/chromium/844x390-dark/S-46.png","","","PASS","PASS","NA","NA","NA","FAIL","PASS","NA"
"S-46","chromium","768x1024-light","screenshots/chromium/768x1024-light/S-46.png","","","PASS","PASS","NA","NA","NA","PASS","PASS","NA"
"S-46","chromium","768x1024-dark","screenshots/chromium/768x1024-dark/S-46.png","","","PASS","PASS","NA","NA","NA","PASS","PASS","NA"
"S-46","chromium","1280x800-light","screenshots/chromium/1280x800-light/S-46.png","","","PASS","PASS","NA","NA","NA","PASS","PASS","NA"
"S-46","chromium","1280x800-dark","screenshots/chromium/1280x800-dark/S-46.png","","","PASS","PASS","NA","NA","NA","PASS","PASS","NA"
"S-47","chromium","390x844-light","screenshots/chromium/390x844-light/S-47.png","","","PASS","PASS","PASS","PASS","NA","U","NA","NA"
"S-47","chromium","390x844-dark","screenshots/chromium/390x844-dark/S-47.png","","","PASS","PASS","PASS","PASS","NA","U","NA","NA"
"S-47","chromium","844x390-light","screenshots/chromium/844x390-light/S-47.png","","","PASS","PASS","PASS","PASS","NA","FAIL","NA","NA"
"S-47","chromium","844x390-dark","screenshots/chromium/844x390-dark/S-47.png","","","PASS","PASS","PASS","PASS","NA","FAIL","NA","NA"
"S-47","chromium","768x1024-light","screenshots/chromium/768x1024-light/S-47.png","","","PASS","PASS","PASS","PASS","NA","U","NA","NA"
"S-47","chromium","768x1024-dark","screenshots/chromium/768x1024-dark/S-47.png","","","PASS","PASS","PASS","PASS","NA","U","NA","NA"
"S-47","chromium","1280x800-light","screenshots/chromium/1280x800-light/S-47.png","","","PASS","PASS","PASS","PASS","NA","U","NA","NA"
"S-47","chromium","1280x800-dark","screenshots/chromium/1280x800-dark/S-47.png","","","PASS","PASS","PASS","PASS","NA","U","NA","NA"
"S-48","chromium","390x844-light","screenshots/chromium/390x844-light/S-48.png","","","PASS","PASS","PASS","PASS","NA","U","NA","NA"
"S-48","chromium","390x844-dark","screenshots/chromium/390x844-dark/S-48.png","","","PASS","PASS","PASS","PASS","NA","U","NA","NA"
"S-48","chromium","844x390-light","screenshots/chromium/844x390-light/S-48.png","","","PASS","PASS","PASS","PASS","NA","FAIL","NA","NA"
"S-48","chromium","844x390-dark","screenshots/chromium/844x390-dark/S-48.png","","","PASS","PASS","PASS","PASS","NA","FAIL","NA","NA"
"S-48","chromium","768x1024-light","screenshots/chromium/768x1024-light/S-48.png","","","PASS","PASS","PASS","PASS","NA","U","NA","NA"
"S-48","chromium","768x1024-dark","screenshots/chromium/768x1024-dark/S-48.png","","","PASS","PASS","PASS","PASS","NA","U","NA","NA"
"S-48","chromium","1280x800-light","screenshots/chromium/1280x800-light/S-48.png","","","PASS","PASS","PASS","PASS","NA","U","NA","NA"
"S-48","chromium","1280x800-dark","screenshots/chromium/1280x800-dark/S-48.png","","","PASS","PASS","PASS","PASS","NA","U","NA","NA"
"S-49","chromium","390x844-light","screenshots/chromium/390x844-light/S-49.png","","","U","FAIL","NA","NA","NA","PASS","NA","NA"
"S-49","chromium","390x844-dark","screenshots/chromium/390x844-dark/S-49.png","","","U","FAIL","NA","NA","NA","PASS","NA","NA"
"S-49","chromium","844x390-light","screenshots/chromium/844x390-light/S-49.png","","","U","FAIL","NA","NA","NA","FAIL","NA","NA"
"S-49","chromium","844x390-dark","screenshots/chromium/844x390-dark/S-49.png","","","U","FAIL","NA","NA","NA","FAIL","NA","NA"
"S-49","chromium","768x1024-light","screenshots/chromium/768x1024-light/S-49.png","","","U","FAIL","NA","NA","NA","PASS","NA","NA"
"S-49","chromium","768x1024-dark","screenshots/chromium/768x1024-dark/S-49.png","","","U","FAIL","NA","NA","NA","PASS","NA","NA"
"S-49","chromium","1280x800-light","screenshots/chromium/1280x800-light/S-49.png","","","U","FAIL","NA","NA","NA","PASS","NA","NA"
"S-49","chromium","1280x800-dark","screenshots/chromium/1280x800-dark/S-49.png","","","U","FAIL","NA","NA","NA","PASS","NA","NA"
"S-50","chromium","390x844-light","screenshots/chromium/390x844-light/S-50.png","","","U","FAIL","NA","NA","NA","PASS","NA","NA"
"S-50","chromium","390x844-dark","screenshots/chromium/390x844-dark/S-50.png","","","U","FAIL","NA","NA","NA","PASS","NA","NA"
"S-50","chromium","844x390-light","screenshots/chromium/844x390-light/S-50.png","","","U","FAIL","NA","NA","NA","FAIL","NA","NA"
"S-50","chromium","844x390-dark","screenshots/chromium/844x390-dark/S-50.png","","","U","FAIL","NA","NA","NA","FAIL","NA","NA"
"S-50","chromium","768x1024-light","screenshots/chromium/768x1024-light/S-50.png","","","U","FAIL","NA","NA","NA","PASS","NA","NA"
"S-50","chromium","768x1024-dark","screenshots/chromium/768x1024-dark/S-50.png","","","U","FAIL","NA","NA","NA","PASS","NA","NA"
"S-50","chromium","1280x800-light","screenshots/chromium/1280x800-light/S-50.png","","","U","FAIL","NA","NA","NA","PASS","NA","NA"
"S-50","chromium","1280x800-dark","screenshots/chromium/1280x800-dark/S-50.png","","","U","FAIL","NA","NA","NA","PASS","NA","NA"
"S-51","chromium","390x844-light","screenshots/chromium/390x844-light/S-51.png","locator.waitFor: Timeout 15000ms exceeded.","","U","U","U","U","U","U","U","U"
"S-51","chromium","390x844-dark","screenshots/chromium/390x844-dark/S-51.png","locator.waitFor: Timeout 15000ms exceeded.","","U","U","U","U","U","U","U","U"
"S-51","chromium","844x390-light","screenshots/chromium/844x390-light/S-51.png","locator.waitFor: Timeout 15000ms exceeded.","","U","U","U","U","U","U","U","U"
"S-51","chromium","844x390-dark","screenshots/chromium/844x390-dark/S-51.png","locator.waitFor: Timeout 15000ms exceeded.","","U","U","U","U","U","U","U","U"
"S-51","chromium","768x1024-light","screenshots/chromium/768x1024-light/S-51.png","locator.waitFor: Timeout 15000ms exceeded.","","U","U","U","U","U","U","U","U"
"S-51","chromium","768x1024-dark","screenshots/chromium/768x1024-dark/S-51.png","locator.waitFor: Timeout 15000ms exceeded.","","U","U","U","U","U","U","U","U"
"S-51","chromium","1280x800-light","screenshots/chromium/1280x800-light/S-51.png","locator.waitFor: Timeout 15000ms exceeded.","","U","U","U","U","U","U","U","U"
"S-51","chromium","1280x800-dark","screenshots/chromium/1280x800-dark/S-51.png","locator.waitFor: Timeout 15000ms exceeded.","","U","U","U","U","U","U","U","U"
"S-52","chromium","390x844-light","screenshots/chromium/390x844-light/S-52.png","","","U","PASS","PASS","PASS","NA","PASS","PASS","NA"
"S-52","chromium","390x844-dark","screenshots/chromium/390x844-dark/S-52.png","","","U","PASS","PASS","PASS","NA","PASS","PASS","NA"
"S-52","chromium","844x390-light","screenshots/chromium/844x390-light/S-52.png","","","U","PASS","PASS","PASS","NA","FAIL","PASS","NA"
"S-52","chromium","844x390-dark","screenshots/chromium/844x390-dark/S-52.png","","","U","PASS","PASS","PASS","NA","FAIL","PASS","NA"
"S-52","chromium","768x1024-light","screenshots/chromium/768x1024-light/S-52.png","","","U","PASS","PASS","PASS","NA","PASS","PASS","NA"
"S-52","chromium","768x1024-dark","screenshots/chromium/768x1024-dark/S-52.png","","","U","PASS","PASS","PASS","NA","PASS","PASS","NA"
"S-52","chromium","1280x800-light","screenshots/chromium/1280x800-light/S-52.png","","","U","PASS","PASS","PASS","NA","PASS","PASS","NA"
"S-52","chromium","1280x800-dark","screenshots/chromium/1280x800-dark/S-52.png","","","U","PASS","PASS","PASS","NA","PASS","PASS","NA"
"S-53","chromium","390x844-light","screenshots/chromium/390x844-light/S-53.png","","","PASS","PASS","PASS","FAIL","U","PASS","NA","NA"
"S-53","chromium","390x844-dark","screenshots/chromium/390x844-dark/S-53.png","","","PASS","PASS","PASS","FAIL","U","PASS","NA","NA"
"S-53","chromium","844x390-light","screenshots/chromium/844x390-light/S-53.png","","","U","PASS","PASS","FAIL","U","FAIL","NA","NA"
"S-53","chromium","844x390-dark","screenshots/chromium/844x390-dark/S-53.png","","","U","PASS","PASS","FAIL","U","FAIL","NA","NA"
"S-53","chromium","768x1024-light","screenshots/chromium/768x1024-light/S-53.png","","","PASS","PASS","PASS","FAIL","U","PASS","NA","NA"
"S-53","chromium","768x1024-dark","screenshots/chromium/768x1024-dark/S-53.png","","","PASS","PASS","PASS","FAIL","U","PASS","NA","NA"
"S-53","chromium","1280x800-light","screenshots/chromium/1280x800-light/S-53.png","","","PASS","PASS","PASS","FAIL","U","PASS","NA","NA"
"S-53","chromium","1280x800-dark","screenshots/chromium/1280x800-dark/S-53.png","","","PASS","PASS","PASS","FAIL","U","PASS","NA","NA"
"S-54","chromium","390x844-light","screenshots/chromium/390x844-light/S-54.png","locator.waitFor: Timeout 7000ms exceeded.","","U","U","U","U","U","U","U","U"
"S-54","chromium","390x844-dark","screenshots/chromium/390x844-dark/S-54.png","locator.waitFor: Timeout 7000ms exceeded.","","U","U","U","U","U","U","U","U"
"S-54","chromium","844x390-light","screenshots/chromium/844x390-light/S-54.png","locator.waitFor: Timeout 7000ms exceeded.","","U","U","U","U","U","U","U","U"
"S-54","chromium","844x390-dark","screenshots/chromium/844x390-dark/S-54.png","locator.waitFor: Timeout 7000ms exceeded.","","U","U","U","U","U","U","U","U"
"S-54","chromium","768x1024-light","screenshots/chromium/768x1024-light/S-54.png","locator.waitFor: Timeout 7000ms exceeded.","","U","U","U","U","U","U","U","U"
"S-54","chromium","768x1024-dark","screenshots/chromium/768x1024-dark/S-54.png","locator.waitFor: Timeout 7000ms exceeded.","","U","U","U","U","U","U","U","U"
"S-54","chromium","1280x800-light","screenshots/chromium/1280x800-light/S-54.png","locator.waitFor: Timeout 7000ms exceeded.","","U","U","U","U","U","U","U","U"
"S-54","chromium","1280x800-dark","screenshots/chromium/1280x800-dark/S-54.png","locator.waitFor: Timeout 7000ms exceeded.","","U","U","U","U","U","U","U","U"
"S-55","chromium","390x844-light","screenshots/chromium/390x844-light/S-55.png","No naturally ambiguous lot identified; no synthetic HTTP 409 or fixture substitution.","","U","U","U","U","U","U","U","U"
"S-55","chromium","390x844-dark","screenshots/chromium/390x844-dark/S-55.png","No naturally ambiguous lot identified; no synthetic HTTP 409 or fixture substitution.","","U","U","U","U","U","U","U","U"
"S-55","chromium","844x390-light","screenshots/chromium/844x390-light/S-55.png","No naturally ambiguous lot identified; no synthetic HTTP 409 or fixture substitution.","","U","U","U","U","U","U","U","U"
"S-55","chromium","844x390-dark","screenshots/chromium/844x390-dark/S-55.png","No naturally ambiguous lot identified; no synthetic HTTP 409 or fixture substitution.","","U","U","U","U","U","U","U","U"
"S-55","chromium","768x1024-light","screenshots/chromium/768x1024-light/S-55.png","No naturally ambiguous lot identified; no synthetic HTTP 409 or fixture substitution.","","U","U","U","U","U","U","U","U"
"S-55","chromium","768x1024-dark","screenshots/chromium/768x1024-dark/S-55.png","No naturally ambiguous lot identified; no synthetic HTTP 409 or fixture substitution.","","U","U","U","U","U","U","U","U"
"S-55","chromium","1280x800-light","screenshots/chromium/1280x800-light/S-55.png","No naturally ambiguous lot identified; no synthetic HTTP 409 or fixture substitution.","","U","U","U","U","U","U","U","U"
"S-55","chromium","1280x800-dark","screenshots/chromium/1280x800-dark/S-55.png","No naturally ambiguous lot identified; no synthetic HTTP 409 or fixture substitution.","","U","U","U","U","U","U","U","U"
"S-56","chromium","390x844-light","screenshots/chromium/390x844-light/S-56.png","","","U","PASS","NA","NA","NA","PASS","NA","NA"
"S-56","chromium","390x844-dark","screenshots/chromium/390x844-dark/S-56.png","","","U","PASS","NA","NA","NA","PASS","NA","NA"
"S-56","chromium","844x390-light","screenshots/chromium/844x390-light/S-56.png","","","U","PASS","NA","NA","NA","FAIL","NA","NA"
"S-56","chromium","844x390-dark","screenshots/chromium/844x390-dark/S-56.png","","","U","PASS","NA","NA","NA","FAIL","NA","NA"
"S-56","chromium","768x1024-light","screenshots/chromium/768x1024-light/S-56.png","","","PASS","PASS","NA","NA","NA","PASS","NA","NA"
"S-56","chromium","768x1024-dark","screenshots/chromium/768x1024-dark/S-56.png","","","PASS","PASS","NA","NA","NA","PASS","NA","NA"
"S-56","chromium","1280x800-light","screenshots/chromium/1280x800-light/S-56.png","","","PASS","PASS","NA","NA","NA","PASS","NA","NA"
"S-56","chromium","1280x800-dark","screenshots/chromium/1280x800-dark/S-56.png","","","PASS","PASS","NA","NA","NA","PASS","NA","NA"
"S-57","chromium","390x844-light","screenshots/chromium/390x844-light/S-57.png","","","PASS","FAIL","PASS","PASS","NA","FAIL","NA","NA"
"S-57","chromium","390x844-dark","screenshots/chromium/390x844-dark/S-57.png","","","PASS","FAIL","PASS","PASS","NA","FAIL","NA","NA"
"S-57","chromium","844x390-light","screenshots/chromium/844x390-light/S-57.png","","","PASS","FAIL","PASS","PASS","NA","PASS","NA","NA"
"S-57","chromium","844x390-dark","screenshots/chromium/844x390-dark/S-57.png","","","PASS","FAIL","PASS","PASS","NA","PASS","NA","NA"
"S-57","chromium","768x1024-light","screenshots/chromium/768x1024-light/S-57.png","","","PASS","FAIL","PASS","PASS","NA","PASS","NA","NA"
"S-57","chromium","768x1024-dark","screenshots/chromium/768x1024-dark/S-57.png","","","PASS","FAIL","PASS","PASS","NA","PASS","NA","NA"
"S-57","chromium","1280x800-light","screenshots/chromium/1280x800-light/S-57.png","","","PASS","FAIL","PASS","PASS","NA","PASS","NA","NA"
"S-57","chromium","1280x800-dark","screenshots/chromium/1280x800-dark/S-57.png","","","PASS","FAIL","PASS","PASS","NA","PASS","NA","NA"
"S-58","chromium","390x844-light","screenshots/chromium/390x844-light/S-58.png","","","U","NA","NA","NA","NA","FAIL","NA","PASS"
"S-58","chromium","390x844-dark","screenshots/chromium/390x844-dark/S-58.png","","","U","NA","NA","NA","NA","FAIL","NA","PASS"
"S-58","chromium","844x390-light","screenshots/chromium/844x390-light/S-58.png","","","U","NA","NA","NA","NA","PASS","NA","PASS"
"S-58","chromium","844x390-dark","screenshots/chromium/844x390-dark/S-58.png","","","U","NA","NA","NA","NA","PASS","NA","PASS"
"S-58","chromium","768x1024-light","screenshots/chromium/768x1024-light/S-58.png","","","U","NA","NA","NA","NA","PASS","NA","PASS"
"S-58","chromium","768x1024-dark","screenshots/chromium/768x1024-dark/S-58.png","","","U","NA","NA","NA","NA","PASS","NA","PASS"
"S-58","chromium","1280x800-light","screenshots/chromium/1280x800-light/S-58.png","","","U","NA","NA","NA","NA","PASS","NA","PASS"
"S-58","chromium","1280x800-dark","screenshots/chromium/1280x800-dark/S-58.png","","","U","NA","NA","NA","NA","PASS","NA","PASS"
"S-59","chromium","390x844-light","screenshots/chromium/390x844-light/S-59.png","No live failure/loading banner; no synthetic API failures.","","U","U","U","U","U","U","U","U"
"S-59","chromium","390x844-dark","screenshots/chromium/390x844-dark/S-59.png","No live failure/loading banner; no synthetic API failures.","","U","U","U","U","U","U","U","U"
"S-59","chromium","844x390-light","screenshots/chromium/844x390-light/S-59.png","No live failure/loading banner; no synthetic API failures.","","U","U","U","U","U","U","U","U"
"S-59","chromium","844x390-dark","screenshots/chromium/844x390-dark/S-59.png","No live failure/loading banner; no synthetic API failures.","","U","U","U","U","U","U","U","U"
"S-59","chromium","768x1024-light","screenshots/chromium/768x1024-light/S-59.png","No live failure/loading banner; no synthetic API failures.","","U","U","U","U","U","U","U","U"
"S-59","chromium","768x1024-dark","screenshots/chromium/768x1024-dark/S-59.png","No live failure/loading banner; no synthetic API failures.","","U","U","U","U","U","U","U","U"
"S-59","chromium","1280x800-light","screenshots/chromium/1280x800-light/S-59.png","No live failure/loading banner; no synthetic API failures.","","U","U","U","U","U","U","U","U"
"S-59","chromium","1280x800-dark","screenshots/chromium/1280x800-dark/S-59.png","No live failure/loading banner; no synthetic API failures.","","U","U","U","U","U","U","U","U"
"S-60","chromium","390x844-light","screenshots/chromium/390x844-light/S-60.png","","","PASS","NA","NA","NA","NA","PASS","NA","NA"
"S-60","chromium","390x844-dark","screenshots/chromium/390x844-dark/S-60.png","","","PASS","NA","NA","NA","NA","PASS","NA","NA"
"S-60","chromium","844x390-light","screenshots/chromium/844x390-light/S-60.png","","","PASS","NA","NA","NA","NA","PASS","NA","NA"
"S-60","chromium","844x390-dark","screenshots/chromium/844x390-dark/S-60.png","","","PASS","NA","NA","NA","NA","PASS","NA","NA"
"S-60","chromium","768x1024-light","screenshots/chromium/768x1024-light/S-60.png","","","PASS","NA","NA","NA","NA","PASS","NA","NA"
"S-60","chromium","768x1024-dark","screenshots/chromium/768x1024-dark/S-60.png","","","PASS","NA","NA","NA","NA","PASS","NA","NA"
"S-60","chromium","1280x800-light","screenshots/chromium/1280x800-light/S-60.png","","","PASS","NA","NA","NA","NA","PASS","NA","NA"
"S-60","chromium","1280x800-dark","screenshots/chromium/1280x800-dark/S-60.png","","","PASS","NA","NA","NA","NA","PASS","NA","NA"
"S-61","chromium","390x844-light","screenshots/chromium/390x844-light/S-61.png","","","U","NA","NA","NA","NA","PASS","NA","PASS"
"S-61","chromium","390x844-dark","screenshots/chromium/390x844-dark/S-61.png","","","U","NA","NA","NA","NA","PASS","NA","PASS"
"S-61","chromium","844x390-light","screenshots/chromium/844x390-light/S-61.png","","","PASS","NA","NA","NA","NA","PASS","NA","PASS"
"S-61","chromium","844x390-dark","screenshots/chromium/844x390-dark/S-61.png","","","PASS","NA","NA","NA","NA","PASS","NA","PASS"
"S-61","chromium","768x1024-light","screenshots/chromium/768x1024-light/S-61.png","","","PASS","NA","NA","NA","NA","PASS","NA","PASS"
"S-61","chromium","768x1024-dark","screenshots/chromium/768x1024-dark/S-61.png","","","PASS","NA","NA","NA","NA","PASS","NA","PASS"
"S-61","chromium","1280x800-light","screenshots/chromium/1280x800-light/S-61.png","","","PASS","NA","NA","NA","NA","PASS","NA","PASS"
"S-61","chromium","1280x800-dark","screenshots/chromium/1280x800-dark/S-61.png","","","PASS","NA","NA","NA","NA","PASS","NA","PASS"
"S-62","chromium","390x844-light","screenshots/chromium/390x844-light/S-62.png","Error/stale state requires live occurrence; footer alone does not establish that state.","","U","U","U","U","U","U","U","U"
"S-62","chromium","390x844-dark","screenshots/chromium/390x844-dark/S-62.png","Error/stale state requires live occurrence; footer alone does not establish that state.","","U","U","U","U","U","U","U","U"
"S-62","chromium","844x390-light","screenshots/chromium/844x390-light/S-62.png","Error/stale state requires live occurrence; footer alone does not establish that state.","","U","U","U","U","U","U","U","U"
"S-62","chromium","844x390-dark","screenshots/chromium/844x390-dark/S-62.png","Error/stale state requires live occurrence; footer alone does not establish that state.","","U","U","U","U","U","U","U","U"
"S-62","chromium","768x1024-light","screenshots/chromium/768x1024-light/S-62.png","Error/stale state requires live occurrence; footer alone does not establish that state.","","U","U","U","U","U","U","U","U"
"S-62","chromium","768x1024-dark","screenshots/chromium/768x1024-dark/S-62.png","Error/stale state requires live occurrence; footer alone does not establish that state.","","U","U","U","U","U","U","U","U"
"S-62","chromium","1280x800-light","screenshots/chromium/1280x800-light/S-62.png","Error/stale state requires live occurrence; footer alone does not establish that state.","","U","U","U","U","U","U","U","U"
"S-62","chromium","1280x800-dark","screenshots/chromium/1280x800-dark/S-62.png","Error/stale state requires live occurrence; footer alone does not establish that state.","","U","U","U","U","U","U","U","U"
"S-63","chromium","390x844-light","screenshots/chromium/390x844-light/S-63.png","","","U","FAIL","PASS","FAIL","U","PASS","PASS","NA"
"S-63","chromium","390x844-dark","screenshots/chromium/390x844-dark/S-63.png","","","U","FAIL","PASS","PASS","U","PASS","NA","NA"
"S-63","chromium","844x390-light","screenshots/chromium/844x390-light/S-63.png","","","PASS","FAIL","PASS","PASS","U","PASS","NA","NA"
"S-63","chromium","844x390-dark","screenshots/chromium/844x390-dark/S-63.png","","","PASS","FAIL","PASS","PASS","U","PASS","NA","NA"
"S-63","chromium","768x1024-light","screenshots/chromium/768x1024-light/S-63.png","","","PASS","FAIL","PASS","PASS","U","PASS","NA","NA"
"S-63","chromium","768x1024-dark","screenshots/chromium/768x1024-dark/S-63.png","","","PASS","FAIL","PASS","PASS","U","PASS","NA","NA"
"S-63","chromium","1280x800-light","screenshots/chromium/1280x800-light/S-63.png","","","PASS","FAIL","PASS","PASS","U","PASS","NA","NA"
"S-63","chromium","1280x800-dark","screenshots/chromium/1280x800-dark/S-63.png","","","PASS","FAIL","PASS","PASS","U","PASS","NA","NA"
"S-64","chromium","390x844-light","screenshots/chromium/390x844-light/S-64.png","","","U","PASS","PASS","FAIL","NA","PASS","PASS","NA"
"S-64","chromium","390x844-dark","screenshots/chromium/390x844-dark/S-64.png","","","U","PASS","PASS","PASS","NA","PASS","NA","NA"
"S-64","chromium","844x390-light","screenshots/chromium/844x390-light/S-64.png","","","PASS","PASS","PASS","PASS","NA","PASS","NA","NA"
"S-64","chromium","844x390-dark","screenshots/chromium/844x390-dark/S-64.png","","","PASS","PASS","PASS","PASS","NA","PASS","NA","NA"
"S-64","chromium","768x1024-light","screenshots/chromium/768x1024-light/S-64.png","","","PASS","PASS","PASS","PASS","NA","PASS","NA","NA"
"S-64","chromium","768x1024-dark","screenshots/chromium/768x1024-dark/S-64.png","","","PASS","PASS","PASS","PASS","NA","PASS","NA","NA"
"S-64","chromium","1280x800-light","screenshots/chromium/1280x800-light/S-64.png","","","PASS","PASS","PASS","PASS","NA","PASS","NA","NA"
"S-64","chromium","1280x800-dark","screenshots/chromium/1280x800-dark/S-64.png","","","PASS","PASS","PASS","PASS","NA","PASS","NA","NA"
"S-65","chromium","390x844-light","screenshots/chromium/390x844-light/S-65.png","","","PASS","FAIL","NA","NA","NA","FAIL","NA","NA"
"S-65","chromium","390x844-dark","screenshots/chromium/390x844-dark/S-65.png","","","PASS","FAIL","NA","NA","NA","FAIL","NA","NA"
"S-65","chromium","844x390-light","screenshots/chromium/844x390-light/S-65.png","","","PASS","FAIL","NA","NA","NA","PASS","NA","NA"
"S-65","chromium","844x390-dark","screenshots/chromium/844x390-dark/S-65.png","","","PASS","FAIL","NA","NA","NA","PASS","NA","NA"
"S-65","chromium","768x1024-light","screenshots/chromium/768x1024-light/S-65.png","","","PASS","FAIL","NA","NA","NA","PASS","NA","NA"
"S-65","chromium","768x1024-dark","screenshots/chromium/768x1024-dark/S-65.png","","","PASS","FAIL","NA","NA","NA","PASS","NA","NA"
"S-65","chromium","1280x800-light","screenshots/chromium/1280x800-light/S-65.png","","","PASS","FAIL","NA","NA","NA","PASS","NA","NA"
"S-65","chromium","1280x800-dark","screenshots/chromium/1280x800-dark/S-65.png","","","PASS","FAIL","NA","NA","NA","PASS","NA","NA"
"S-66","chromium","390x844-light","screenshots/chromium/390x844-light/S-66.png","","","PASS","NA","NA","NA","NA","FAIL","NA","PASS"
"S-66","chromium","390x844-dark","screenshots/chromium/390x844-dark/S-66.png","","","PASS","NA","NA","NA","NA","FAIL","NA","PASS"
"S-66","chromium","844x390-light","screenshots/chromium/844x390-light/S-66.png","","","PASS","NA","NA","NA","NA","PASS","NA","PASS"
"S-66","chromium","844x390-dark","screenshots/chromium/844x390-dark/S-66.png","","","PASS","NA","NA","NA","NA","PASS","NA","PASS"
"S-66","chromium","768x1024-light","screenshots/chromium/768x1024-light/S-66.png","","","PASS","NA","NA","NA","NA","PASS","NA","PASS"
"S-66","chromium","768x1024-dark","screenshots/chromium/768x1024-dark/S-66.png","","","PASS","NA","NA","NA","NA","PASS","NA","PASS"
"S-66","chromium","1280x800-light","screenshots/chromium/1280x800-light/S-66.png","","","PASS","NA","NA","NA","NA","PASS","NA","PASS"
"S-66","chromium","1280x800-dark","screenshots/chromium/1280x800-dark/S-66.png","","","PASS","NA","NA","NA","NA","PASS","NA","PASS"
"S-67","chromium","390x844-light","screenshots/chromium/390x844-light/S-67.png","","","NA","NA","NA","NA","NA","FAIL","NA","NA"
"S-67","chromium","390x844-dark","screenshots/chromium/390x844-dark/S-67.png","","","NA","NA","NA","NA","NA","FAIL","NA","NA"
"S-67","chromium","844x390-light","screenshots/chromium/844x390-light/S-67.png","","","NA","NA","NA","NA","NA","PASS","NA","NA"
"S-67","chromium","844x390-dark","screenshots/chromium/844x390-dark/S-67.png","","","NA","NA","NA","NA","NA","PASS","NA","NA"
"S-67","chromium","768x1024-light","screenshots/chromium/768x1024-light/S-67.png","","","NA","NA","NA","NA","NA","PASS","NA","NA"
"S-67","chromium","768x1024-dark","screenshots/chromium/768x1024-dark/S-67.png","","","NA","NA","NA","NA","NA","PASS","NA","NA"
"S-67","chromium","1280x800-light","screenshots/chromium/1280x800-light/S-67.png","","","NA","NA","NA","NA","NA","PASS","NA","NA"
"S-67","chromium","1280x800-dark","screenshots/chromium/1280x800-dark/S-67.png","","","NA","NA","NA","NA","NA","PASS","NA","NA"
"S-68","chromium","390x844-light","screenshots/chromium/390x844-light/S-68.png","","","U","PASS","NA","NA","NA","FAIL","NA","NA"
"S-68","chromium","390x844-dark","screenshots/chromium/390x844-dark/S-68.png","","","U","PASS","NA","NA","NA","FAIL","NA","NA"
"S-68","chromium","844x390-light","screenshots/chromium/844x390-light/S-68.png","","","U","PASS","NA","NA","NA","PASS","NA","NA"
"S-68","chromium","844x390-dark","screenshots/chromium/844x390-dark/S-68.png","","","U","PASS","NA","NA","NA","PASS","NA","NA"
"S-68","chromium","768x1024-light","screenshots/chromium/768x1024-light/S-68.png","","","U","PASS","NA","NA","NA","PASS","NA","NA"
"S-68","chromium","768x1024-dark","screenshots/chromium/768x1024-dark/S-68.png","","","U","PASS","NA","NA","NA","PASS","NA","NA"
"S-68","chromium","1280x800-light","screenshots/chromium/1280x800-light/S-68.png","","","U","PASS","NA","NA","NA","PASS","NA","NA"
"S-68","chromium","1280x800-dark","screenshots/chromium/1280x800-dark/S-68.png","","","U","PASS","NA","NA","NA","PASS","NA","NA"
"S-69","chromium","390x844-light","screenshots/chromium/390x844-light/S-69.png","Tooltip not pointer-reachable at this viewport after using Fit; contextual graph screenshot only.","","U","U","U","U","U","U","U","U"
"S-69","chromium","390x844-dark","screenshots/chromium/390x844-dark/S-69.png","Tooltip not pointer-reachable at this viewport after using Fit; contextual graph screenshot only.","","U","U","U","U","U","U","U","U"
"S-69","chromium","844x390-light","screenshots/chromium/844x390-light/S-69.png","","","PASS","NA","NA","NA","NA","FAIL","NA","NA"
"S-69","chromium","844x390-dark","screenshots/chromium/844x390-dark/S-69.png","","","PASS","NA","NA","NA","NA","FAIL","NA","NA"
"S-69","chromium","768x1024-light","screenshots/chromium/768x1024-light/S-69.png","","","U","NA","NA","NA","NA","FAIL","NA","NA"
"S-69","chromium","768x1024-dark","screenshots/chromium/768x1024-dark/S-69.png","","","U","NA","NA","NA","NA","FAIL","NA","NA"
"S-69","chromium","1280x800-light","screenshots/chromium/1280x800-light/S-69.png","","","PASS","NA","NA","NA","NA","PASS","NA","NA"
"S-69","chromium","1280x800-dark","screenshots/chromium/1280x800-dark/S-69.png","","","PASS","NA","NA","NA","NA","PASS","NA","NA"
"S-70","chromium","390x844-light","screenshots/chromium/390x844-light/S-70.png","","","U","PASS","NA","NA","NA","FAIL","NA","NA"
"S-70","chromium","390x844-dark","screenshots/chromium/390x844-dark/S-70.png","","","U","PASS","NA","NA","NA","FAIL","NA","NA"
"S-70","chromium","844x390-light","screenshots/chromium/844x390-light/S-70.png","","","PASS","PASS","NA","NA","NA","PASS","NA","NA"
"S-70","chromium","844x390-dark","screenshots/chromium/844x390-dark/S-70.png","","","PASS","PASS","NA","NA","NA","PASS","NA","NA"
"S-70","chromium","768x1024-light","screenshots/chromium/768x1024-light/S-70.png","","","PASS","PASS","NA","NA","NA","PASS","NA","NA"
"S-70","chromium","768x1024-dark","screenshots/chromium/768x1024-dark/S-70.png","","","PASS","PASS","NA","NA","NA","PASS","NA","NA"
"S-70","chromium","1280x800-light","screenshots/chromium/1280x800-light/S-70.png","","","PASS","PASS","NA","NA","NA","PASS","NA","NA"
"S-70","chromium","1280x800-dark","screenshots/chromium/1280x800-dark/S-70.png","","","PASS","PASS","NA","NA","NA","PASS","NA","NA"
"S-71","chromium","390x844-light","screenshots/chromium/390x844-light/S-71.png","","","U","NA","NA","NA","NA","FAIL","NA","NA"
"S-71","chromium","390x844-dark","screenshots/chromium/390x844-dark/S-71.png","","","U","NA","NA","NA","NA","FAIL","NA","NA"
"S-71","chromium","844x390-light","screenshots/chromium/844x390-light/S-71.png","","","PASS","NA","NA","NA","NA","PASS","NA","NA"
"S-71","chromium","844x390-dark","screenshots/chromium/844x390-dark/S-71.png","","","PASS","NA","NA","NA","NA","PASS","NA","NA"
"S-71","chromium","768x1024-light","screenshots/chromium/768x1024-light/S-71.png","","","PASS","NA","NA","NA","NA","PASS","NA","NA"
"S-71","chromium","768x1024-dark","screenshots/chromium/768x1024-dark/S-71.png","","","PASS","NA","NA","NA","NA","PASS","NA","NA"
"S-71","chromium","1280x800-light","screenshots/chromium/1280x800-light/S-71.png","","","PASS","NA","NA","NA","NA","PASS","NA","NA"
"S-71","chromium","1280x800-dark","screenshots/chromium/1280x800-dark/S-71.png","","","PASS","NA","NA","NA","NA","PASS","NA","NA"
"S-72","chromium","390x844-light","screenshots/chromium/390x844-light/S-72.png","","","PASS","FAIL","NA","NA","NA","FAIL","NA","NA"
"S-72","chromium","390x844-dark","screenshots/chromium/390x844-dark/S-72.png","","","PASS","FAIL","NA","NA","NA","FAIL","NA","NA"
"S-72","chromium","844x390-light","screenshots/chromium/844x390-light/S-72.png","","","PASS","FAIL","NA","NA","NA","PASS","NA","NA"
"S-72","chromium","844x390-dark","screenshots/chromium/844x390-dark/S-72.png","","","PASS","FAIL","NA","NA","NA","PASS","NA","NA"
"S-72","chromium","768x1024-light","screenshots/chromium/768x1024-light/S-72.png","","","PASS","FAIL","NA","NA","NA","PASS","NA","NA"
"S-72","chromium","768x1024-dark","screenshots/chromium/768x1024-dark/S-72.png","","","PASS","FAIL","NA","NA","NA","PASS","NA","NA"
"S-72","chromium","1280x800-light","screenshots/chromium/1280x800-light/S-72.png","","","PASS","FAIL","NA","NA","NA","PASS","NA","NA"
"S-72","chromium","1280x800-dark","screenshots/chromium/1280x800-dark/S-72.png","","","PASS","FAIL","NA","NA","NA","PASS","NA","NA"
"S-73","chromium","390x844-light","screenshots/chromium/390x844-light/S-73.png","","","PASS","FAIL","NA","NA","NA","FAIL","NA","NA"
"S-73","chromium","390x844-dark","screenshots/chromium/390x844-dark/S-73.png","","","PASS","FAIL","NA","NA","NA","FAIL","NA","NA"
"S-73","chromium","844x390-light","screenshots/chromium/844x390-light/S-73.png","","","PASS","FAIL","NA","NA","NA","PASS","NA","NA"
"S-73","chromium","844x390-dark","screenshots/chromium/844x390-dark/S-73.png","","","PASS","FAIL","NA","NA","NA","PASS","NA","NA"
"S-73","chromium","768x1024-light","screenshots/chromium/768x1024-light/S-73.png","","","PASS","FAIL","NA","NA","NA","PASS","NA","NA"
"S-73","chromium","768x1024-dark","screenshots/chromium/768x1024-dark/S-73.png","","","PASS","FAIL","NA","NA","NA","PASS","NA","NA"
"S-73","chromium","1280x800-light","screenshots/chromium/1280x800-light/S-73.png","","","PASS","FAIL","NA","NA","NA","PASS","NA","NA"
"S-73","chromium","1280x800-dark","screenshots/chromium/1280x800-dark/S-73.png","","","PASS","FAIL","NA","NA","NA","PASS","NA","NA"
"S-74","chromium","390x844-light","screenshots/chromium/390x844-light/S-74.png","","","PASS","NA","NA","NA","NA","FAIL","NA","NA"
"S-74","chromium","390x844-dark","screenshots/chromium/390x844-dark/S-74.png","","","PASS","NA","NA","NA","NA","FAIL","NA","NA"
"S-74","chromium","844x390-light","screenshots/chromium/844x390-light/S-74.png","","","PASS","NA","NA","NA","NA","PASS","NA","NA"
"S-74","chromium","844x390-dark","screenshots/chromium/844x390-dark/S-74.png","","","PASS","NA","NA","NA","NA","PASS","NA","NA"
"S-74","chromium","768x1024-light","screenshots/chromium/768x1024-light/S-74.png","","","PASS","NA","NA","NA","NA","PASS","NA","NA"
"S-74","chromium","768x1024-dark","screenshots/chromium/768x1024-dark/S-74.png","","","PASS","NA","NA","NA","NA","PASS","NA","NA"
"S-74","chromium","1280x800-light","screenshots/chromium/1280x800-light/S-74.png","","","PASS","NA","NA","NA","NA","PASS","NA","NA"
"S-74","chromium","1280x800-dark","screenshots/chromium/1280x800-dark/S-74.png","","","PASS","NA","NA","NA","NA","PASS","NA","NA"
"S-75","chromium","390x844-light","screenshots/chromium/390x844-light/S-75.png","Delta requires setting a baseline, a scheduler state write.","","U","U","U","U","U","U","U","U"
"S-75","chromium","390x844-dark","screenshots/chromium/390x844-dark/S-75.png","Delta requires setting a baseline, a scheduler state write.","","U","U","U","U","U","U","U","U"
"S-75","chromium","844x390-light","screenshots/chromium/844x390-light/S-75.png","Delta requires setting a baseline, a scheduler state write.","","U","U","U","U","U","U","U","U"
"S-75","chromium","844x390-dark","screenshots/chromium/844x390-dark/S-75.png","Delta requires setting a baseline, a scheduler state write.","","U","U","U","U","U","U","U","U"
"S-75","chromium","768x1024-light","screenshots/chromium/768x1024-light/S-75.png","Delta requires setting a baseline, a scheduler state write.","","U","U","U","U","U","U","U","U"
"S-75","chromium","768x1024-dark","screenshots/chromium/768x1024-dark/S-75.png","Delta requires setting a baseline, a scheduler state write.","","U","U","U","U","U","U","U","U"
"S-75","chromium","1280x800-light","screenshots/chromium/1280x800-light/S-75.png","Delta requires setting a baseline, a scheduler state write.","","U","U","U","U","U","U","U","U"
"S-75","chromium","1280x800-dark","screenshots/chromium/1280x800-dark/S-75.png","Delta requires setting a baseline, a scheduler state write.","","U","U","U","U","U","U","U","U"
"S-76","chromium","390x844-light","screenshots/chromium/390x844-light/S-76.png","","","PASS","FAIL","PASS","PASS","U","FAIL","NA","NA"
"S-76","chromium","390x844-dark","screenshots/chromium/390x844-dark/S-76.png","","","U","FAIL","PASS","PASS","U","FAIL","NA","NA"
"S-76","chromium","844x390-light","screenshots/chromium/844x390-light/S-76.png","","","U","FAIL","PASS","PASS","U","PASS","NA","NA"
"S-76","chromium","844x390-dark","screenshots/chromium/844x390-dark/S-76.png","","","U","FAIL","PASS","PASS","U","PASS","NA","NA"
"S-76","chromium","768x1024-light","screenshots/chromium/768x1024-light/S-76.png","","","U","FAIL","PASS","PASS","U","PASS","NA","NA"
"S-76","chromium","768x1024-dark","screenshots/chromium/768x1024-dark/S-76.png","","","U","FAIL","PASS","PASS","U","PASS","NA","NA"
"S-76","chromium","1280x800-light","screenshots/chromium/1280x800-light/S-76.png","","","U","FAIL","PASS","PASS","U","PASS","NA","NA"
"S-76","chromium","1280x800-dark","screenshots/chromium/1280x800-dark/S-76.png","","","U","FAIL","PASS","PASS","U","PASS","NA","NA"
"S-77","chromium","390x844-light","screenshots/chromium/390x844-light/S-77.png","","","PASS","FAIL","PASS","PASS","NA","FAIL","NA","NA"
"S-77","chromium","390x844-dark","screenshots/chromium/390x844-dark/S-77.png","","","PASS","FAIL","PASS","PASS","NA","FAIL","NA","NA"
"S-77","chromium","844x390-light","screenshots/chromium/844x390-light/S-77.png","","","PASS","FAIL","PASS","PASS","NA","PASS","NA","NA"
"S-77","chromium","844x390-dark","screenshots/chromium/844x390-dark/S-77.png","","","PASS","FAIL","PASS","PASS","NA","PASS","NA","NA"
"S-77","chromium","768x1024-light","screenshots/chromium/768x1024-light/S-77.png","","","PASS","FAIL","PASS","PASS","NA","PASS","NA","NA"
"S-77","chromium","768x1024-dark","screenshots/chromium/768x1024-dark/S-77.png","","","PASS","FAIL","PASS","PASS","NA","PASS","NA","NA"
"S-77","chromium","1280x800-light","screenshots/chromium/1280x800-light/S-77.png","","","PASS","FAIL","PASS","PASS","NA","PASS","NA","NA"
"S-77","chromium","1280x800-dark","screenshots/chromium/1280x800-dark/S-77.png","","","PASS","FAIL","PASS","PASS","NA","PASS","NA","NA"
"S-78","chromium","390x844-light","screenshots/chromium/390x844-light/S-78.png","","","PASS","NA","NA","NA","NA","FAIL","NA","NA"
"S-78","chromium","390x844-dark","screenshots/chromium/390x844-dark/S-78.png","","","PASS","NA","NA","NA","NA","FAIL","NA","NA"
"S-78","chromium","844x390-light","screenshots/chromium/844x390-light/S-78.png","","","PASS","NA","NA","NA","NA","PASS","NA","NA"
"S-78","chromium","844x390-dark","screenshots/chromium/844x390-dark/S-78.png","","","PASS","NA","NA","NA","NA","PASS","NA","NA"
"S-78","chromium","768x1024-light","screenshots/chromium/768x1024-light/S-78.png","","","PASS","NA","NA","NA","NA","PASS","NA","NA"
"S-78","chromium","768x1024-dark","screenshots/chromium/768x1024-dark/S-78.png","","","PASS","NA","NA","NA","NA","PASS","NA","NA"
"S-78","chromium","1280x800-light","screenshots/chromium/1280x800-light/S-78.png","","","PASS","NA","NA","NA","NA","PASS","NA","NA"
"S-78","chromium","1280x800-dark","screenshots/chromium/1280x800-dark/S-78.png","","","PASS","NA","NA","NA","NA","PASS","NA","NA"
"S-79","chromium","390x844-light","screenshots/chromium/390x844-light/S-79.png","","","PASS","FAIL","PASS","PASS","U","FAIL","NA","NA"
"S-79","chromium","390x844-dark","screenshots/chromium/390x844-dark/S-79.png","","","PASS","FAIL","PASS","PASS","U","FAIL","NA","NA"
"S-79","chromium","844x390-light","screenshots/chromium/844x390-light/S-79.png","","","PASS","FAIL","PASS","PASS","U","PASS","NA","NA"
"S-79","chromium","844x390-dark","screenshots/chromium/844x390-dark/S-79.png","","","PASS","FAIL","PASS","PASS","U","PASS","NA","NA"
"S-79","chromium","768x1024-light","screenshots/chromium/768x1024-light/S-79.png","","","PASS","FAIL","PASS","PASS","U","PASS","NA","NA"
"S-79","chromium","768x1024-dark","screenshots/chromium/768x1024-dark/S-79.png","","","PASS","FAIL","PASS","PASS","U","PASS","NA","NA"
"S-79","chromium","1280x800-light","screenshots/chromium/1280x800-light/S-79.png","","","PASS","FAIL","PASS","PASS","U","PASS","NA","NA"
"S-79","chromium","1280x800-dark","screenshots/chromium/1280x800-dark/S-79.png","","","PASS","FAIL","PASS","PASS","U","PASS","NA","NA"
"S-80","chromium","390x844-light","screenshots/chromium/390x844-light/S-80.png","","","U","FAIL","PASS","PASS","NA","FAIL","NA","NA"
"S-80","chromium","390x844-dark","screenshots/chromium/390x844-dark/S-80.png","","","U","FAIL","PASS","PASS","NA","FAIL","NA","NA"
"S-80","chromium","844x390-light","screenshots/chromium/844x390-light/S-80.png","","","U","FAIL","PASS","PASS","NA","PASS","NA","NA"
"S-80","chromium","844x390-dark","screenshots/chromium/844x390-dark/S-80.png","","","U","FAIL","PASS","PASS","NA","PASS","NA","NA"
"S-80","chromium","768x1024-light","screenshots/chromium/768x1024-light/S-80.png","","","U","FAIL","PASS","PASS","NA","PASS","NA","NA"
"S-80","chromium","768x1024-dark","screenshots/chromium/768x1024-dark/S-80.png","","","U","FAIL","PASS","PASS","NA","PASS","NA","NA"
"S-80","chromium","1280x800-light","screenshots/chromium/1280x800-light/S-80.png","","","U","FAIL","PASS","PASS","NA","PASS","NA","NA"
"S-80","chromium","1280x800-dark","screenshots/chromium/1280x800-dark/S-80.png","","","U","FAIL","PASS","PASS","NA","PASS","NA","NA"
"S-81","chromium","390x844-light","screenshots/chromium/390x844-light/S-81.png","Import-result message requires importing a file; not read-only.","","U","U","U","U","U","U","U","U"
"S-81","chromium","390x844-dark","screenshots/chromium/390x844-dark/S-81.png","Import-result message requires importing a file; not read-only.","","U","U","U","U","U","U","U","U"
"S-81","chromium","844x390-light","screenshots/chromium/844x390-light/S-81.png","Import-result message requires importing a file; not read-only.","","U","U","U","U","U","U","U","U"
"S-81","chromium","844x390-dark","screenshots/chromium/844x390-dark/S-81.png","Import-result message requires importing a file; not read-only.","","U","U","U","U","U","U","U","U"
"S-81","chromium","768x1024-light","screenshots/chromium/768x1024-light/S-81.png","Import-result message requires importing a file; not read-only.","","U","U","U","U","U","U","U","U"
"S-81","chromium","768x1024-dark","screenshots/chromium/768x1024-dark/S-81.png","Import-result message requires importing a file; not read-only.","","U","U","U","U","U","U","U","U"
"S-81","chromium","1280x800-light","screenshots/chromium/1280x800-light/S-81.png","Import-result message requires importing a file; not read-only.","","U","U","U","U","U","U","U","U"
"S-81","chromium","1280x800-dark","screenshots/chromium/1280x800-dark/S-81.png","Import-result message requires importing a file; not read-only.","","U","U","U","U","U","U","U","U"
"S-82","chromium","390x844-light","screenshots/chromium/390x844-light/S-82.png","","","PASS","FAIL","NA","NA","NA","FAIL","NA","NA"
"S-82","chromium","390x844-dark","screenshots/chromium/390x844-dark/S-82.png","","","PASS","FAIL","NA","NA","NA","FAIL","NA","NA"
"S-82","chromium","844x390-light","screenshots/chromium/844x390-light/S-82.png","","","PASS","FAIL","NA","NA","NA","PASS","NA","NA"
"S-82","chromium","844x390-dark","screenshots/chromium/844x390-dark/S-82.png","","","PASS","FAIL","NA","NA","NA","PASS","NA","NA"
"S-82","chromium","768x1024-light","screenshots/chromium/768x1024-light/S-82.png","","","PASS","FAIL","NA","NA","NA","PASS","NA","NA"
"S-82","chromium","768x1024-dark","screenshots/chromium/768x1024-dark/S-82.png","","","PASS","FAIL","NA","NA","NA","PASS","NA","NA"
"S-82","chromium","1280x800-light","screenshots/chromium/1280x800-light/S-82.png","","","PASS","FAIL","NA","NA","NA","PASS","NA","NA"
"S-82","chromium","1280x800-dark","screenshots/chromium/1280x800-dark/S-82.png","","","PASS","FAIL","NA","NA","NA","PASS","NA","NA"
"S-83","chromium","390x844-light","screenshots/chromium/390x844-light/S-83.png","","","U","FAIL","NA","NA","NA","FAIL","NA","U"
"S-83","chromium","390x844-dark","screenshots/chromium/390x844-dark/S-83.png","","","U","FAIL","NA","NA","NA","FAIL","NA","U"
"S-83","chromium","844x390-light","screenshots/chromium/844x390-light/S-83.png","","","PASS","FAIL","NA","NA","NA","PASS","NA","U"
"S-83","chromium","844x390-dark","screenshots/chromium/844x390-dark/S-83.png","","","PASS","FAIL","NA","NA","NA","PASS","NA","U"
"S-83","chromium","768x1024-light","screenshots/chromium/768x1024-light/S-83.png","","","PASS","FAIL","NA","NA","NA","PASS","NA","U"
"S-83","chromium","768x1024-dark","screenshots/chromium/768x1024-dark/S-83.png","","","PASS","FAIL","NA","NA","NA","PASS","NA","U"
"S-83","chromium","1280x800-light","screenshots/chromium/1280x800-light/S-83.png","","","PASS","FAIL","NA","NA","NA","PASS","NA","U"
"S-83","chromium","1280x800-dark","screenshots/chromium/1280x800-dark/S-83.png","","","PASS","FAIL","NA","NA","NA","PASS","NA","U"
"S-84","chromium","390x844-light","screenshots/chromium/390x844-light/S-84.png","","","U","FAIL","NA","NA","NA","FAIL","NA","U"
"S-84","chromium","390x844-dark","screenshots/chromium/390x844-dark/S-84.png","","","U","FAIL","NA","NA","NA","FAIL","NA","U"
"S-84","chromium","844x390-light","screenshots/chromium/844x390-light/S-84.png","","","PASS","FAIL","NA","NA","NA","PASS","NA","U"
"S-84","chromium","844x390-dark","screenshots/chromium/844x390-dark/S-84.png","","","PASS","FAIL","NA","NA","NA","PASS","NA","U"
"S-84","chromium","768x1024-light","screenshots/chromium/768x1024-light/S-84.png","","","PASS","FAIL","NA","NA","NA","PASS","NA","U"
"S-84","chromium","768x1024-dark","screenshots/chromium/768x1024-dark/S-84.png","","","PASS","FAIL","NA","NA","NA","PASS","NA","U"
"S-84","chromium","1280x800-light","screenshots/chromium/1280x800-light/S-84.png","","","PASS","FAIL","NA","NA","NA","PASS","NA","U"
"S-84","chromium","1280x800-dark","screenshots/chromium/1280x800-dark/S-84.png","","","PASS","FAIL","NA","NA","NA","PASS","NA","U"
"S-85","chromium","390x844-light","screenshots/chromium/390x844-light/S-85.png","Opening schedule panel via Copy day also writes the clipboard; not read-only.","","U","U","U","U","U","U","U","U"
"S-85","chromium","390x844-dark","screenshots/chromium/390x844-dark/S-85.png","Opening schedule panel via Copy day also writes the clipboard; not read-only.","","U","U","U","U","U","U","U","U"
"S-85","chromium","844x390-light","screenshots/chromium/844x390-light/S-85.png","Opening schedule panel via Copy day also writes the clipboard; not read-only.","","U","U","U","U","U","U","U","U"
"S-85","chromium","844x390-dark","screenshots/chromium/844x390-dark/S-85.png","Opening schedule panel via Copy day also writes the clipboard; not read-only.","","U","U","U","U","U","U","U","U"
"S-85","chromium","768x1024-light","screenshots/chromium/768x1024-light/S-85.png","Opening schedule panel via Copy day also writes the clipboard; not read-only.","","U","U","U","U","U","U","U","U"
"S-85","chromium","768x1024-dark","screenshots/chromium/768x1024-dark/S-85.png","Opening schedule panel via Copy day also writes the clipboard; not read-only.","","U","U","U","U","U","U","U","U"
"S-85","chromium","1280x800-light","screenshots/chromium/1280x800-light/S-85.png","Opening schedule panel via Copy day also writes the clipboard; not read-only.","","U","U","U","U","U","U","U","U"
"S-85","chromium","1280x800-dark","screenshots/chromium/1280x800-dark/S-85.png","Opening schedule panel via Copy day also writes the clipboard; not read-only.","","U","U","U","U","U","U","U","U"
"S-86","chromium","390x844-light","screenshots/chromium/390x844-light/S-86.png","","","PASS","FAIL","PASS","FAIL","U","FAIL","NA","NA"
"S-86","chromium","390x844-dark","screenshots/chromium/390x844-dark/S-86.png","","","U","FAIL","PASS","FAIL","U","FAIL","NA","NA"
"S-86","chromium","844x390-light","screenshots/chromium/844x390-light/S-86.png","","","U","FAIL","PASS","FAIL","U","PASS","NA","NA"
"S-86","chromium","844x390-dark","screenshots/chromium/844x390-dark/S-86.png","","","U","FAIL","PASS","FAIL","U","PASS","NA","NA"
"S-86","chromium","768x1024-light","screenshots/chromium/768x1024-light/S-86.png","","","U","FAIL","PASS","FAIL","U","PASS","NA","NA"
"S-86","chromium","768x1024-dark","screenshots/chromium/768x1024-dark/S-86.png","","","U","FAIL","PASS","FAIL","U","PASS","NA","NA"
"S-86","chromium","1280x800-light","screenshots/chromium/1280x800-light/S-86.png","","","PASS","FAIL","PASS","FAIL","U","PASS","NA","NA"
"S-86","chromium","1280x800-dark","screenshots/chromium/1280x800-dark/S-86.png","","","PASS","FAIL","PASS","FAIL","U","PASS","NA","NA"
"S-87","chromium","390x844-light","screenshots/chromium/390x844-light/S-87.png","","","U","FAIL","NA","NA","NA","FAIL","NA","NA"
"S-87","chromium","390x844-dark","screenshots/chromium/390x844-dark/S-87.png","","","U","FAIL","NA","NA","NA","FAIL","NA","NA"
"S-87","chromium","844x390-light","screenshots/chromium/844x390-light/S-87.png","","","PASS","FAIL","NA","NA","NA","PASS","NA","NA"
"S-87","chromium","844x390-dark","screenshots/chromium/844x390-dark/S-87.png","","","PASS","FAIL","NA","NA","NA","PASS","NA","NA"
"S-87","chromium","768x1024-light","screenshots/chromium/768x1024-light/S-87.png","","","PASS","FAIL","NA","NA","NA","PASS","NA","NA"
"S-87","chromium","768x1024-dark","screenshots/chromium/768x1024-dark/S-87.png","","","PASS","FAIL","NA","NA","NA","PASS","NA","NA"
"S-87","chromium","1280x800-light","screenshots/chromium/1280x800-light/S-87.png","","","PASS","FAIL","NA","NA","NA","PASS","NA","NA"
"S-87","chromium","1280x800-dark","screenshots/chromium/1280x800-dark/S-87.png","","","PASS","FAIL","NA","NA","NA","PASS","NA","NA"
"S-88","chromium","390x844-light","screenshots/chromium/390x844-light/S-88.png","","","U","FAIL","PASS","PASS","U","FAIL","NA","NA"
"S-88","chromium","390x844-dark","screenshots/chromium/390x844-dark/S-88.png","","","U","FAIL","PASS","PASS","U","FAIL","NA","NA"
"S-88","chromium","844x390-light","screenshots/chromium/844x390-light/S-88.png","","","PASS","FAIL","PASS","PASS","U","PASS","NA","NA"
"S-88","chromium","844x390-dark","screenshots/chromium/844x390-dark/S-88.png","","","U","FAIL","PASS","PASS","U","PASS","NA","NA"
"S-88","chromium","768x1024-light","screenshots/chromium/768x1024-light/S-88.png","","","PASS","FAIL","PASS","PASS","U","PASS","NA","NA"
"S-88","chromium","768x1024-dark","screenshots/chromium/768x1024-dark/S-88.png","","","PASS","FAIL","PASS","PASS","U","PASS","NA","NA"
"S-88","chromium","1280x800-light","screenshots/chromium/1280x800-light/S-88.png","","","PASS","FAIL","PASS","PASS","U","PASS","NA","NA"
"S-88","chromium","1280x800-dark","screenshots/chromium/1280x800-dark/S-88.png","","","PASS","FAIL","PASS","PASS","U","PASS","NA","NA"
"S-89","chromium","390x844-light","screenshots/chromium/390x844-light/S-89.png","Validation alert requires submitting Add; prohibited.","","U","U","U","U","U","U","U","U"
"S-89","chromium","390x844-dark","screenshots/chromium/390x844-dark/S-89.png","Validation alert requires submitting Add; prohibited.","","U","U","U","U","U","U","U","U"
"S-89","chromium","844x390-light","screenshots/chromium/844x390-light/S-89.png","Validation alert requires submitting Add; prohibited.","","U","U","U","U","U","U","U","U"
"S-89","chromium","844x390-dark","screenshots/chromium/844x390-dark/S-89.png","Validation alert requires submitting Add; prohibited.","","U","U","U","U","U","U","U","U"
"S-89","chromium","768x1024-light","screenshots/chromium/768x1024-light/S-89.png","Validation alert requires submitting Add; prohibited.","","U","U","U","U","U","U","U","U"
"S-89","chromium","768x1024-dark","screenshots/chromium/768x1024-dark/S-89.png","Validation alert requires submitting Add; prohibited.","","U","U","U","U","U","U","U","U"
"S-89","chromium","1280x800-light","screenshots/chromium/1280x800-light/S-89.png","Validation alert requires submitting Add; prohibited.","","U","U","U","U","U","U","U","U"
"S-89","chromium","1280x800-dark","screenshots/chromium/1280x800-dark/S-89.png","Validation alert requires submitting Add; prohibited.","","U","U","U","U","U","U","U","U"
"S-90","chromium","390x844-light","screenshots/chromium/390x844-light/S-90.png","","","U","FAIL","NA","NA","NA","FAIL","NA","NA"
"S-90","chromium","390x844-dark","screenshots/chromium/390x844-dark/S-90.png","","","U","FAIL","NA","NA","NA","FAIL","NA","NA"
"S-90","chromium","844x390-light","screenshots/chromium/844x390-light/S-90.png","","","PASS","FAIL","NA","NA","NA","PASS","NA","NA"
"S-90","chromium","844x390-dark","screenshots/chromium/844x390-dark/S-90.png","","","PASS","FAIL","NA","NA","NA","PASS","NA","NA"
"S-90","chromium","768x1024-light","screenshots/chromium/768x1024-light/S-90.png","","","PASS","FAIL","NA","NA","NA","PASS","NA","NA"
"S-90","chromium","768x1024-dark","screenshots/chromium/768x1024-dark/S-90.png","","","PASS","FAIL","NA","NA","NA","PASS","NA","NA"
"S-90","chromium","1280x800-light","screenshots/chromium/1280x800-light/S-90.png","","","PASS","FAIL","NA","NA","NA","PASS","NA","NA"
"S-90","chromium","1280x800-dark","screenshots/chromium/1280x800-dark/S-90.png","","","PASS","FAIL","NA","NA","NA","PASS","NA","NA"
"S-91","chromium","390x844-light","screenshots/chromium/390x844-light/S-91.png","","","PASS","PASS","NA","NA","NA","FAIL","NA","U"
"S-91","chromium","390x844-dark","screenshots/chromium/390x844-dark/S-91.png","","","PASS","PASS","NA","NA","NA","FAIL","NA","U"
"S-91","chromium","844x390-light","screenshots/chromium/844x390-light/S-91.png","","","PASS","PASS","NA","NA","NA","FAIL","NA","U"
"S-91","chromium","844x390-dark","screenshots/chromium/844x390-dark/S-91.png","","","PASS","PASS","NA","NA","NA","FAIL","NA","U"
"S-91","chromium","768x1024-light","screenshots/chromium/768x1024-light/S-91.png","","","PASS","PASS","NA","NA","NA","FAIL","NA","U"
"S-91","chromium","768x1024-dark","screenshots/chromium/768x1024-dark/S-91.png","","","PASS","PASS","NA","NA","NA","FAIL","NA","U"
"S-91","chromium","1280x800-light","screenshots/chromium/1280x800-light/S-91.png","","","PASS","PASS","NA","NA","NA","FAIL","NA","U"
"S-91","chromium","1280x800-dark","screenshots/chromium/1280x800-dark/S-91.png","","","PASS","PASS","NA","NA","NA","FAIL","NA","U"
"S-92","chromium","390x844-light","screenshots/chromium/390x844-light/S-92.png","","","PASS","PASS","NA","NA","NA","U","PASS","NA"
"S-92","chromium","390x844-dark","screenshots/chromium/390x844-dark/S-92.png","","","PASS","PASS","NA","NA","NA","U","PASS","NA"
"S-92","chromium","844x390-light","screenshots/chromium/844x390-light/S-92.png","","","PASS","PASS","NA","NA","NA","FAIL","PASS","NA"
"S-92","chromium","844x390-dark","screenshots/chromium/844x390-dark/S-92.png","","","PASS","PASS","NA","NA","NA","FAIL","PASS","NA"
"S-92","chromium","768x1024-light","screenshots/chromium/768x1024-light/S-92.png","","","PASS","PASS","NA","NA","NA","U","PASS","NA"
"S-92","chromium","768x1024-dark","screenshots/chromium/768x1024-dark/S-92.png","","","PASS","PASS","NA","NA","NA","U","PASS","NA"
"S-92","chromium","1280x800-light","screenshots/chromium/1280x800-light/S-92.png","","","PASS","PASS","NA","NA","NA","U","PASS","NA"
"S-92","chromium","1280x800-dark","screenshots/chromium/1280x800-dark/S-92.png","","","PASS","PASS","NA","NA","NA","U","PASS","NA"
"S-01","webkit","390x844-light","screenshots/webkit/390x844-light/S-01.png","","","U","PASS","NA","NA","NA","PASS","NA","NA"
"S-01","webkit","390x844-dark","screenshots/webkit/390x844-dark/S-01.png","","","U","PASS","NA","NA","NA","PASS","NA","NA"
"S-01","webkit","844x390-light","screenshots/webkit/844x390-light/S-01.png","","","PASS","PASS","NA","NA","NA","FAIL","NA","NA"
"S-01","webkit","844x390-dark","screenshots/webkit/844x390-dark/S-01.png","","","PASS","PASS","NA","NA","NA","FAIL","NA","NA"
"S-01","webkit","768x1024-light","screenshots/webkit/768x1024-light/S-01.png","","","U","PASS","NA","NA","NA","PASS","NA","NA"
"S-01","webkit","768x1024-dark","screenshots/webkit/768x1024-dark/S-01.png","","","U","PASS","NA","NA","NA","PASS","NA","NA"
"S-01","webkit","1280x800-light","screenshots/webkit/1280x800-light/S-01.png","","","PASS","PASS","NA","NA","NA","PASS","NA","NA"
"S-01","webkit","1280x800-dark","screenshots/webkit/1280x800-dark/S-01.png","","","PASS","PASS","NA","NA","NA","PASS","NA","NA"
"S-02","webkit","390x844-light","screenshots/webkit/390x844-light/S-02.png","","","U","PASS","NA","NA","NA","PASS","NA","NA"
"S-02","webkit","390x844-dark","screenshots/webkit/390x844-dark/S-02.png","","","U","PASS","NA","NA","NA","PASS","NA","NA"
"S-02","webkit","844x390-light","screenshots/webkit/844x390-light/S-02.png","","","U","PASS","NA","NA","NA","FAIL","NA","NA"
"S-02","webkit","844x390-dark","screenshots/webkit/844x390-dark/S-02.png","","","U","PASS","NA","NA","NA","FAIL","NA","NA"
"S-02","webkit","768x1024-light","screenshots/webkit/768x1024-light/S-02.png","","","U","PASS","NA","NA","NA","PASS","NA","NA"
"S-02","webkit","768x1024-dark","screenshots/webkit/768x1024-dark/S-02.png","","","U","PASS","NA","NA","NA","PASS","NA","NA"
"S-02","webkit","1280x800-light","screenshots/webkit/1280x800-light/S-02.png","","","PASS","PASS","NA","NA","NA","PASS","NA","NA"
"S-02","webkit","1280x800-dark","screenshots/webkit/1280x800-dark/S-02.png","","","PASS","PASS","NA","NA","NA","PASS","NA","NA"
"S-03","webkit","390x844-light","screenshots/webkit/390x844-light/S-03.png","","","U","PASS","PASS","PASS","NA","PASS","PASS","PASS"
"S-03","webkit","390x844-dark","screenshots/webkit/390x844-dark/S-03.png","","","U","PASS","PASS","PASS","NA","PASS","PASS","PASS"
"S-03","webkit","844x390-light","screenshots/webkit/844x390-light/S-03.png","","","U","FAIL","PASS","PASS","NA","FAIL","PASS","PASS"
"S-03","webkit","844x390-dark","screenshots/webkit/844x390-dark/S-03.png","","","U","FAIL","PASS","PASS","NA","FAIL","PASS","PASS"
"S-03","webkit","768x1024-light","screenshots/webkit/768x1024-light/S-03.png","","","U","PASS","PASS","PASS","NA","PASS","PASS","PASS"
"S-03","webkit","768x1024-dark","screenshots/webkit/768x1024-dark/S-03.png","","","U","PASS","PASS","PASS","NA","PASS","PASS","PASS"
"S-03","webkit","1280x800-light","screenshots/webkit/1280x800-light/S-03.png","","","U","PASS","PASS","PASS","NA","PASS","PASS","PASS"
"S-03","webkit","1280x800-dark","screenshots/webkit/1280x800-dark/S-03.png","","","U","PASS","PASS","PASS","NA","PASS","PASS","PASS"
"S-04","webkit","390x844-light","screenshots/webkit/390x844-light/S-04.png","","","PASS","FAIL","PASS","FAIL","NA","PASS","PASS","NA"
"S-04","webkit","390x844-dark","screenshots/webkit/390x844-dark/S-04.png","","","PASS","FAIL","PASS","FAIL","NA","PASS","PASS","NA"
"S-04","webkit","844x390-light","screenshots/webkit/844x390-light/S-04.png","","","U","FAIL","PASS","FAIL","NA","FAIL","PASS","NA"
"S-04","webkit","844x390-dark","screenshots/webkit/844x390-dark/S-04.png","","","U","FAIL","PASS","FAIL","NA","FAIL","PASS","NA"
"S-04","webkit","768x1024-light","screenshots/webkit/768x1024-light/S-04.png","","","PASS","FAIL","PASS","FAIL","NA","PASS","PASS","NA"
"S-04","webkit","768x1024-dark","screenshots/webkit/768x1024-dark/S-04.png","","","PASS","FAIL","PASS","FAIL","NA","PASS","PASS","NA"
"S-04","webkit","1280x800-light","screenshots/webkit/1280x800-light/S-04.png","","","PASS","FAIL","PASS","FAIL","NA","PASS","PASS","NA"
"S-04","webkit","1280x800-dark","screenshots/webkit/1280x800-dark/S-04.png","","","PASS","FAIL","PASS","FAIL","NA","PASS","PASS","NA"
"S-05","webkit","390x844-light","screenshots/webkit/390x844-light/S-05.png","","","PASS","PASS","NA","NA","NA","PASS","NA","NA"
"S-05","webkit","390x844-dark","screenshots/webkit/390x844-dark/S-05.png","","","PASS","PASS","NA","NA","NA","PASS","NA","NA"
"S-05","webkit","844x390-light","screenshots/webkit/844x390-light/S-05.png","","","PASS","PASS","NA","NA","NA","FAIL","NA","NA"
"S-05","webkit","844x390-dark","screenshots/webkit/844x390-dark/S-05.png","","","PASS","PASS","NA","NA","NA","FAIL","NA","NA"
"S-05","webkit","768x1024-light","screenshots/webkit/768x1024-light/S-05.png","","","PASS","PASS","NA","NA","NA","PASS","NA","NA"
"S-05","webkit","768x1024-dark","screenshots/webkit/768x1024-dark/S-05.png","","","PASS","PASS","NA","NA","NA","PASS","NA","NA"
"S-05","webkit","1280x800-light","screenshots/webkit/1280x800-light/S-05.png","","","PASS","PASS","NA","NA","NA","PASS","NA","NA"
"S-05","webkit","1280x800-dark","screenshots/webkit/1280x800-dark/S-05.png","","","PASS","PASS","NA","NA","NA","PASS","NA","NA"
"S-06","webkit","390x844-light","screenshots/webkit/390x844-light/S-06.png","","","PASS","NA","NA","NA","NA","PASS","PASS","NA"
"S-06","webkit","390x844-dark","screenshots/webkit/390x844-dark/S-06.png","","","PASS","NA","NA","NA","NA","PASS","PASS","NA"
"S-06","webkit","844x390-light","screenshots/webkit/844x390-light/S-06.png","","","PASS","NA","NA","NA","NA","FAIL","PASS","NA"
"S-06","webkit","844x390-dark","screenshots/webkit/844x390-dark/S-06.png","","","PASS","NA","NA","NA","NA","FAIL","PASS","NA"
"S-06","webkit","768x1024-light","screenshots/webkit/768x1024-light/S-06.png","","","PASS","NA","NA","NA","NA","PASS","PASS","NA"
"S-06","webkit","768x1024-dark","screenshots/webkit/768x1024-dark/S-06.png","","","PASS","NA","NA","NA","NA","PASS","PASS","NA"
"S-06","webkit","1280x800-light","screenshots/webkit/1280x800-light/S-06.png","","","PASS","NA","NA","NA","NA","PASS","PASS","NA"
"S-06","webkit","1280x800-dark","screenshots/webkit/1280x800-dark/S-06.png","","","PASS","NA","NA","NA","NA","PASS","PASS","NA"
"S-07","webkit","390x844-light","screenshots/webkit/390x844-light/S-07.png","locator.waitFor: Timeout 1000ms exceeded.","","U","U","U","U","U","U","U","U"
"S-07","webkit","390x844-dark","screenshots/webkit/390x844-dark/S-07.png","locator.waitFor: Timeout 1000ms exceeded.","","U","U","U","U","U","U","U","U"
"S-07","webkit","844x390-light","screenshots/webkit/844x390-light/S-07.png","locator.waitFor: Timeout 1000ms exceeded.","","U","U","U","U","U","U","U","U"
"S-07","webkit","844x390-dark","screenshots/webkit/844x390-dark/S-07.png","locator.waitFor: Timeout 1000ms exceeded.","","U","U","U","U","U","U","U","U"
"S-07","webkit","768x1024-light","screenshots/webkit/768x1024-light/S-07.png","locator.waitFor: Timeout 1000ms exceeded.","","U","U","U","U","U","U","U","U"
"S-07","webkit","768x1024-dark","screenshots/webkit/768x1024-dark/S-07.png","locator.waitFor: Timeout 1000ms exceeded.","","U","U","U","U","U","U","U","U"
"S-07","webkit","1280x800-light","screenshots/webkit/1280x800-light/S-07.png","locator.waitFor: Timeout 1000ms exceeded.","","U","U","U","U","U","U","U","U"
"S-07","webkit","1280x800-dark","screenshots/webkit/1280x800-dark/S-07.png","locator.waitFor: Timeout 1000ms exceeded.","","U","U","U","U","U","U","U","U"
"S-08","webkit","390x844-light","screenshots/webkit/390x844-light/S-08.png","","","U","PASS","NA","NA","NA","U","PASS","NA"
"S-08","webkit","390x844-dark","screenshots/webkit/390x844-dark/S-08.png","","","U","PASS","NA","NA","NA","U","PASS","NA"
"S-08","webkit","844x390-light","screenshots/webkit/844x390-light/S-08.png","","","U","PASS","NA","NA","NA","FAIL","PASS","NA"
"S-08","webkit","844x390-dark","screenshots/webkit/844x390-dark/S-08.png","","","U","PASS","NA","NA","NA","FAIL","PASS","NA"
"S-08","webkit","768x1024-light","screenshots/webkit/768x1024-light/S-08.png","","","U","PASS","NA","NA","NA","PASS","PASS","NA"
"S-08","webkit","768x1024-dark","screenshots/webkit/768x1024-dark/S-08.png","","","U","PASS","NA","NA","NA","PASS","PASS","NA"
"S-08","webkit","1280x800-light","screenshots/webkit/1280x800-light/S-08.png","","","U","PASS","NA","NA","NA","PASS","PASS","NA"
"S-08","webkit","1280x800-dark","screenshots/webkit/1280x800-dark/S-08.png","","","U","PASS","NA","NA","NA","PASS","PASS","NA"
"S-09","webkit","390x844-light","screenshots/webkit/390x844-light/S-09.png","","","U","PASS","NA","NA","NA","U","PASS","NA"
"S-09","webkit","390x844-dark","screenshots/webkit/390x844-dark/S-09.png","","","U","PASS","NA","NA","NA","U","PASS","NA"
"S-09","webkit","844x390-light","screenshots/webkit/844x390-light/S-09.png","","","U","PASS","NA","NA","NA","FAIL","PASS","NA"
"S-09","webkit","844x390-dark","screenshots/webkit/844x390-dark/S-09.png","","","U","PASS","NA","NA","NA","FAIL","PASS","NA"
"S-09","webkit","768x1024-light","screenshots/webkit/768x1024-light/S-09.png","","","U","PASS","NA","NA","NA","PASS","PASS","NA"
"S-09","webkit","768x1024-dark","screenshots/webkit/768x1024-dark/S-09.png","","","U","PASS","NA","NA","NA","PASS","PASS","NA"
"S-09","webkit","1280x800-light","screenshots/webkit/1280x800-light/S-09.png","","","U","PASS","NA","NA","NA","PASS","PASS","NA"
"S-09","webkit","1280x800-dark","screenshots/webkit/1280x800-dark/S-09.png","","","U","PASS","NA","NA","NA","PASS","PASS","NA"
"S-10","webkit","390x844-light","screenshots/webkit/390x844-light/S-10.png","","","PASS","FAIL","NA","FAIL","NA","PASS","NA","PASS"
"S-10","webkit","390x844-dark","screenshots/webkit/390x844-dark/S-10.png","","","PASS","FAIL","NA","FAIL","NA","PASS","NA","PASS"
"S-10","webkit","844x390-light","screenshots/webkit/844x390-light/S-10.png","","","PASS","FAIL","NA","FAIL","NA","FAIL","NA","PASS"
"S-10","webkit","844x390-dark","screenshots/webkit/844x390-dark/S-10.png","","","PASS","FAIL","NA","FAIL","NA","FAIL","NA","PASS"
"S-10","webkit","768x1024-light","screenshots/webkit/768x1024-light/S-10.png","","","PASS","FAIL","NA","FAIL","NA","PASS","NA","PASS"
"S-10","webkit","768x1024-dark","screenshots/webkit/768x1024-dark/S-10.png","","","PASS","FAIL","NA","FAIL","NA","PASS","NA","PASS"
"S-10","webkit","1280x800-light","screenshots/webkit/1280x800-light/S-10.png","","","PASS","FAIL","NA","FAIL","NA","PASS","NA","PASS"
"S-10","webkit","1280x800-dark","screenshots/webkit/1280x800-dark/S-10.png","","","PASS","FAIL","NA","FAIL","NA","PASS","NA","PASS"
"S-11","webkit","390x844-light","screenshots/webkit/390x844-light/S-11.png","","","PASS","FAIL","NA","FAIL","NA","PASS","PASS","PASS"
"S-11","webkit","390x844-dark","screenshots/webkit/390x844-dark/S-11.png","","","PASS","FAIL","NA","FAIL","NA","PASS","PASS","PASS"
"S-11","webkit","844x390-light","screenshots/webkit/844x390-light/S-11.png","","","PASS","FAIL","NA","FAIL","NA","FAIL","PASS","PASS"
"S-11","webkit","844x390-dark","screenshots/webkit/844x390-dark/S-11.png","","","PASS","FAIL","NA","FAIL","NA","FAIL","PASS","PASS"
"S-11","webkit","768x1024-light","screenshots/webkit/768x1024-light/S-11.png","","","PASS","FAIL","NA","FAIL","NA","PASS","PASS","PASS"
"S-11","webkit","768x1024-dark","screenshots/webkit/768x1024-dark/S-11.png","","","PASS","FAIL","NA","FAIL","NA","PASS","PASS","PASS"
"S-11","webkit","1280x800-light","screenshots/webkit/1280x800-light/S-11.png","","","PASS","FAIL","NA","FAIL","NA","PASS","PASS","PASS"
"S-11","webkit","1280x800-dark","screenshots/webkit/1280x800-dark/S-11.png","","","PASS","FAIL","NA","FAIL","NA","PASS","PASS","PASS"
"S-12","webkit","390x844-light","screenshots/webkit/390x844-light/S-12.png","","","PASS","FAIL","NA","FAIL","NA","PASS","PASS","PASS"
"S-12","webkit","390x844-dark","screenshots/webkit/390x844-dark/S-12.png","","","PASS","FAIL","NA","FAIL","NA","PASS","PASS","PASS"
"S-12","webkit","844x390-light","screenshots/webkit/844x390-light/S-12.png","","","PASS","FAIL","NA","FAIL","NA","FAIL","PASS","PASS"
"S-12","webkit","844x390-dark","screenshots/webkit/844x390-dark/S-12.png","","","PASS","FAIL","NA","FAIL","NA","FAIL","PASS","PASS"
"S-12","webkit","768x1024-light","screenshots/webkit/768x1024-light/S-12.png","","","PASS","FAIL","NA","FAIL","NA","PASS","PASS","PASS"
"S-12","webkit","768x1024-dark","screenshots/webkit/768x1024-dark/S-12.png","","","PASS","FAIL","NA","FAIL","NA","PASS","PASS","PASS"
"S-12","webkit","1280x800-light","screenshots/webkit/1280x800-light/S-12.png","","","PASS","FAIL","NA","FAIL","NA","PASS","PASS","PASS"
"S-12","webkit","1280x800-dark","screenshots/webkit/1280x800-dark/S-12.png","","","PASS","FAIL","NA","FAIL","NA","PASS","PASS","PASS"
"S-13","webkit","390x844-light","screenshots/webkit/390x844-light/S-13.png","","","PASS","FAIL","NA","FAIL","NA","PASS","PASS","NA"
"S-13","webkit","390x844-dark","screenshots/webkit/390x844-dark/S-13.png","","","PASS","FAIL","NA","FAIL","NA","PASS","PASS","NA"
"S-13","webkit","844x390-light","screenshots/webkit/844x390-light/S-13.png","","","PASS","FAIL","NA","FAIL","NA","FAIL","PASS","NA"
"S-13","webkit","844x390-dark","screenshots/webkit/844x390-dark/S-13.png","","","PASS","FAIL","NA","FAIL","NA","FAIL","PASS","NA"
"S-13","webkit","768x1024-light","screenshots/webkit/768x1024-light/S-13.png","","","PASS","FAIL","NA","FAIL","NA","PASS","PASS","NA"
"S-13","webkit","768x1024-dark","screenshots/webkit/768x1024-dark/S-13.png","","","PASS","FAIL","NA","FAIL","NA","PASS","PASS","NA"
"S-13","webkit","1280x800-light","screenshots/webkit/1280x800-light/S-13.png","","","PASS","FAIL","NA","FAIL","NA","PASS","PASS","NA"
"S-13","webkit","1280x800-dark","screenshots/webkit/1280x800-dark/S-13.png","","","PASS","FAIL","NA","FAIL","NA","PASS","PASS","NA"
"S-14","webkit","390x844-light","screenshots/webkit/390x844-light/S-14.png","","","PASS","PASS","NA","NA","NA","PASS","NA","NA"
"S-14","webkit","390x844-dark","screenshots/webkit/390x844-dark/S-14.png","","","PASS","PASS","NA","NA","NA","PASS","NA","NA"
"S-14","webkit","844x390-light","screenshots/webkit/844x390-light/S-14.png","","","PASS","PASS","NA","NA","NA","FAIL","NA","NA"
"S-14","webkit","844x390-dark","screenshots/webkit/844x390-dark/S-14.png","","","PASS","PASS","NA","NA","NA","FAIL","NA","NA"
"S-14","webkit","768x1024-light","screenshots/webkit/768x1024-light/S-14.png","","","PASS","PASS","NA","NA","NA","PASS","NA","NA"
"S-14","webkit","768x1024-dark","screenshots/webkit/768x1024-dark/S-14.png","","","PASS","PASS","NA","NA","NA","PASS","NA","NA"
"S-14","webkit","1280x800-light","screenshots/webkit/1280x800-light/S-14.png","","","PASS","PASS","NA","NA","NA","PASS","NA","NA"
"S-14","webkit","1280x800-dark","screenshots/webkit/1280x800-dark/S-14.png","","","PASS","PASS","NA","NA","NA","PASS","NA","NA"
"S-15","webkit","390x844-light","screenshots/webkit/390x844-light/S-15.png","locator.waitFor: Timeout 4000ms exceeded.","","U","U","U","U","U","U","U","U"
"S-15","webkit","390x844-dark","screenshots/webkit/390x844-dark/S-15.png","locator.waitFor: Timeout 4000ms exceeded.","","U","U","U","U","U","U","U","U"
"S-15","webkit","844x390-light","screenshots/webkit/844x390-light/S-15.png","locator.waitFor: Timeout 4000ms exceeded.","","U","U","U","U","U","U","U","U"
"S-15","webkit","844x390-dark","screenshots/webkit/844x390-dark/S-15.png","locator.waitFor: Timeout 4000ms exceeded.","","U","U","U","U","U","U","U","U"
"S-15","webkit","768x1024-light","screenshots/webkit/768x1024-light/S-15.png","locator.waitFor: Timeout 4000ms exceeded.","","U","U","U","U","U","U","U","U"
"S-15","webkit","768x1024-dark","screenshots/webkit/768x1024-dark/S-15.png","locator.waitFor: Timeout 4000ms exceeded.","","U","U","U","U","U","U","U","U"
"S-15","webkit","1280x800-light","screenshots/webkit/1280x800-light/S-15.png","locator.waitFor: Timeout 4000ms exceeded.","","U","U","U","U","U","U","U","U"
"S-15","webkit","1280x800-dark","screenshots/webkit/1280x800-dark/S-15.png","locator.waitFor: Timeout 4000ms exceeded.","","U","U","U","U","U","U","U","U"
"S-16","webkit","390x844-light","screenshots/webkit/390x844-light/S-16.png","","","PASS","FAIL","PASS","FAIL","NA","PASS","NA","NA"
"S-16","webkit","390x844-dark","screenshots/webkit/390x844-dark/S-16.png","","","PASS","FAIL","PASS","FAIL","NA","PASS","NA","NA"
"S-16","webkit","844x390-light","screenshots/webkit/844x390-light/S-16.png","","","PASS","FAIL","PASS","FAIL","NA","FAIL","NA","NA"
"S-16","webkit","844x390-dark","screenshots/webkit/844x390-dark/S-16.png","","","PASS","FAIL","PASS","FAIL","NA","FAIL","NA","NA"
"S-16","webkit","768x1024-light","screenshots/webkit/768x1024-light/S-16.png","","","PASS","FAIL","PASS","FAIL","NA","PASS","NA","NA"
"S-16","webkit","768x1024-dark","screenshots/webkit/768x1024-dark/S-16.png","","","PASS","FAIL","PASS","FAIL","NA","PASS","NA","NA"
"S-16","webkit","1280x800-light","screenshots/webkit/1280x800-light/S-16.png","","","PASS","FAIL","PASS","FAIL","NA","PASS","NA","NA"
"S-16","webkit","1280x800-dark","screenshots/webkit/1280x800-dark/S-16.png","","","PASS","FAIL","PASS","FAIL","NA","PASS","NA","NA"
"S-17","webkit","390x844-light","screenshots/webkit/390x844-light/S-17.png","","","PASS","FAIL","NA","FAIL","NA","PASS","PASS","NA"
"S-17","webkit","390x844-dark","screenshots/webkit/390x844-dark/S-17.png","","","PASS","FAIL","NA","FAIL","NA","PASS","PASS","NA"
"S-17","webkit","844x390-light","screenshots/webkit/844x390-light/S-17.png","","","PASS","FAIL","NA","FAIL","NA","FAIL","PASS","NA"
"S-17","webkit","844x390-dark","screenshots/webkit/844x390-dark/S-17.png","","","PASS","FAIL","NA","FAIL","NA","FAIL","PASS","NA"
"S-17","webkit","768x1024-light","screenshots/webkit/768x1024-light/S-17.png","","","PASS","FAIL","NA","FAIL","NA","PASS","PASS","NA"
"S-17","webkit","768x1024-dark","screenshots/webkit/768x1024-dark/S-17.png","","","PASS","FAIL","NA","FAIL","NA","PASS","PASS","NA"
"S-17","webkit","1280x800-light","screenshots/webkit/1280x800-light/S-17.png","","","PASS","FAIL","NA","FAIL","NA","PASS","PASS","NA"
"S-17","webkit","1280x800-dark","screenshots/webkit/1280x800-dark/S-17.png","","","PASS","FAIL","NA","FAIL","NA","PASS","PASS","NA"
"S-18","webkit","390x844-light","screenshots/webkit/390x844-light/S-18.png","","","PASS","FAIL","NA","FAIL","NA","PASS","PASS","NA"
"S-18","webkit","390x844-dark","screenshots/webkit/390x844-dark/S-18.png","","","PASS","FAIL","NA","FAIL","NA","PASS","PASS","NA"
"S-18","webkit","844x390-light","screenshots/webkit/844x390-light/S-18.png","","","PASS","FAIL","NA","FAIL","NA","FAIL","PASS","NA"
"S-18","webkit","844x390-dark","screenshots/webkit/844x390-dark/S-18.png","","","PASS","FAIL","NA","FAIL","NA","FAIL","PASS","NA"
"S-18","webkit","768x1024-light","screenshots/webkit/768x1024-light/S-18.png","","","PASS","FAIL","NA","FAIL","NA","PASS","PASS","NA"
"S-18","webkit","768x1024-dark","screenshots/webkit/768x1024-dark/S-18.png","","","PASS","FAIL","NA","FAIL","NA","PASS","PASS","NA"
"S-18","webkit","1280x800-light","screenshots/webkit/1280x800-light/S-18.png","","","PASS","FAIL","NA","FAIL","NA","PASS","PASS","NA"
"S-18","webkit","1280x800-dark","screenshots/webkit/1280x800-dark/S-18.png","","","PASS","FAIL","NA","FAIL","NA","PASS","PASS","NA"
"S-19","webkit","390x844-light","screenshots/webkit/390x844-light/S-19.png","","","PASS","PASS","PASS","FAIL","NA","PASS","NA","NA"
"S-19","webkit","390x844-dark","screenshots/webkit/390x844-dark/S-19.png","","","PASS","PASS","PASS","FAIL","NA","PASS","NA","NA"
"S-19","webkit","844x390-light","screenshots/webkit/844x390-light/S-19.png","","","PASS","PASS","PASS","FAIL","NA","FAIL","NA","NA"
"S-19","webkit","844x390-dark","screenshots/webkit/844x390-dark/S-19.png","","","PASS","PASS","PASS","FAIL","NA","FAIL","NA","NA"
"S-19","webkit","768x1024-light","screenshots/webkit/768x1024-light/S-19.png","","","PASS","PASS","PASS","FAIL","NA","PASS","NA","NA"
"S-19","webkit","768x1024-dark","screenshots/webkit/768x1024-dark/S-19.png","","","PASS","PASS","PASS","FAIL","NA","PASS","NA","NA"
"S-19","webkit","1280x800-light","screenshots/webkit/1280x800-light/S-19.png","","","PASS","PASS","PASS","FAIL","NA","PASS","NA","NA"
"S-19","webkit","1280x800-dark","screenshots/webkit/1280x800-dark/S-19.png","","","PASS","PASS","PASS","FAIL","NA","PASS","NA","NA"
"S-20","webkit","390x844-light","screenshots/webkit/390x844-light/S-20.png","","","U","PASS","PASS","FAIL","NA","PASS","NA","NA"
"S-20","webkit","390x844-dark","screenshots/webkit/390x844-dark/S-20.png","","","U","PASS","PASS","FAIL","NA","PASS","NA","NA"
"S-20","webkit","844x390-light","screenshots/webkit/844x390-light/S-20.png","","","PASS","PASS","PASS","FAIL","NA","FAIL","NA","NA"
"S-20","webkit","844x390-dark","screenshots/webkit/844x390-dark/S-20.png","","","PASS","PASS","PASS","FAIL","NA","FAIL","NA","NA"
"S-20","webkit","768x1024-light","screenshots/webkit/768x1024-light/S-20.png","","","U","PASS","PASS","FAIL","NA","PASS","NA","NA"
"S-20","webkit","768x1024-dark","screenshots/webkit/768x1024-dark/S-20.png","","","U","PASS","PASS","FAIL","NA","PASS","NA","NA"
"S-20","webkit","1280x800-light","screenshots/webkit/1280x800-light/S-20.png","","","PASS","PASS","PASS","FAIL","NA","PASS","NA","NA"
"S-20","webkit","1280x800-dark","screenshots/webkit/1280x800-dark/S-20.png","","","PASS","PASS","PASS","FAIL","NA","PASS","NA","NA"
"S-21","webkit","390x844-light","screenshots/webkit/390x844-light/S-21.png","","","PASS","NA","NA","NA","NA","PASS","NA","NA"
"S-21","webkit","390x844-dark","screenshots/webkit/390x844-dark/S-21.png","","","PASS","NA","NA","NA","NA","PASS","NA","NA"
"S-21","webkit","844x390-light","screenshots/webkit/844x390-light/S-21.png","","","PASS","NA","NA","NA","NA","FAIL","NA","NA"
"S-21","webkit","844x390-dark","screenshots/webkit/844x390-dark/S-21.png","","","PASS","NA","NA","NA","NA","FAIL","NA","NA"
"S-21","webkit","768x1024-light","screenshots/webkit/768x1024-light/S-21.png","","","PASS","NA","NA","NA","NA","PASS","NA","NA"
"S-21","webkit","768x1024-dark","screenshots/webkit/768x1024-dark/S-21.png","","","PASS","NA","NA","NA","NA","PASS","NA","NA"
"S-21","webkit","1280x800-light","screenshots/webkit/1280x800-light/S-21.png","","","PASS","NA","NA","NA","NA","PASS","NA","NA"
"S-21","webkit","1280x800-dark","screenshots/webkit/1280x800-dark/S-21.png","","","PASS","NA","NA","NA","NA","PASS","NA","NA"
"S-22","webkit","390x844-light","screenshots/webkit/390x844-light/S-22.png","","","PASS","FAIL","PASS","FAIL","FAIL","PASS","NA","NA"
"S-22","webkit","390x844-dark","screenshots/webkit/390x844-dark/S-22.png","","","PASS","FAIL","PASS","FAIL","FAIL","PASS","NA","NA"
"S-22","webkit","844x390-light","screenshots/webkit/844x390-light/S-22.png","","","U","FAIL","PASS","FAIL","FAIL","FAIL","NA","NA"
"S-22","webkit","844x390-dark","screenshots/webkit/844x390-dark/S-22.png","","","U","FAIL","PASS","FAIL","FAIL","FAIL","NA","NA"
"S-22","webkit","768x1024-light","screenshots/webkit/768x1024-light/S-22.png","","","PASS","FAIL","PASS","FAIL","FAIL","PASS","NA","NA"
"S-22","webkit","768x1024-dark","screenshots/webkit/768x1024-dark/S-22.png","","","PASS","FAIL","PASS","FAIL","FAIL","PASS","NA","NA"
"S-22","webkit","1280x800-light","screenshots/webkit/1280x800-light/S-22.png","","","PASS","FAIL","PASS","FAIL","FAIL","PASS","NA","NA"
"S-22","webkit","1280x800-dark","screenshots/webkit/1280x800-dark/S-22.png","","","PASS","FAIL","PASS","FAIL","FAIL","PASS","NA","NA"
"S-23","webkit","390x844-light","screenshots/webkit/390x844-light/S-23.png","Native delete confirmation requires Delete; excluded from allowed navigation.","","U","U","U","U","U","U","U","U"
"S-23","webkit","390x844-dark","screenshots/webkit/390x844-dark/S-23.png","Native delete confirmation requires Delete; excluded from allowed navigation.","","U","U","U","U","U","U","U","U"
"S-23","webkit","844x390-light","screenshots/webkit/844x390-light/S-23.png","Native delete confirmation requires Delete; excluded from allowed navigation.","","U","U","U","U","U","U","U","U"
"S-23","webkit","844x390-dark","screenshots/webkit/844x390-dark/S-23.png","Native delete confirmation requires Delete; excluded from allowed navigation.","","U","U","U","U","U","U","U","U"
"S-23","webkit","768x1024-light","screenshots/webkit/768x1024-light/S-23.png","Native delete confirmation requires Delete; excluded from allowed navigation.","","U","U","U","U","U","U","U","U"
"S-23","webkit","768x1024-dark","screenshots/webkit/768x1024-dark/S-23.png","Native delete confirmation requires Delete; excluded from allowed navigation.","","U","U","U","U","U","U","U","U"
"S-23","webkit","1280x800-light","screenshots/webkit/1280x800-light/S-23.png","Native delete confirmation requires Delete; excluded from allowed navigation.","","U","U","U","U","U","U","U","U"
"S-23","webkit","1280x800-dark","screenshots/webkit/1280x800-dark/S-23.png","Native delete confirmation requires Delete; excluded from allowed navigation.","","U","U","U","U","U","U","U","U"
"S-24","webkit","390x844-light","screenshots/webkit/390x844-light/S-24.png","","","PASS","FAIL","PASS","FAIL","NA","PASS","NA","NA"
"S-24","webkit","390x844-dark","screenshots/webkit/390x844-dark/S-24.png","","","PASS","FAIL","PASS","FAIL","NA","PASS","NA","NA"
"S-24","webkit","844x390-light","screenshots/webkit/844x390-light/S-24.png","","","PASS","FAIL","PASS","FAIL","NA","FAIL","NA","NA"
"S-24","webkit","844x390-dark","screenshots/webkit/844x390-dark/S-24.png","","","PASS","FAIL","PASS","FAIL","NA","FAIL","NA","NA"
"S-24","webkit","768x1024-light","screenshots/webkit/768x1024-light/S-24.png","","","PASS","FAIL","PASS","FAIL","NA","PASS","NA","NA"
"S-24","webkit","768x1024-dark","screenshots/webkit/768x1024-dark/S-24.png","","","PASS","FAIL","PASS","FAIL","NA","PASS","NA","NA"
"S-24","webkit","1280x800-light","screenshots/webkit/1280x800-light/S-24.png","","","PASS","FAIL","PASS","FAIL","NA","PASS","NA","NA"
"S-24","webkit","1280x800-dark","screenshots/webkit/1280x800-dark/S-24.png","","","PASS","FAIL","PASS","FAIL","NA","PASS","NA","NA"
"S-25","webkit","390x844-light","screenshots/webkit/390x844-light/S-25.png","","","U","PASS","PASS","FAIL","NA","PASS","FAIL","FAIL"
"S-25","webkit","390x844-dark","screenshots/webkit/390x844-dark/S-25.png","","","U","PASS","PASS","FAIL","NA","PASS","FAIL","FAIL"
"S-25","webkit","844x390-light","screenshots/webkit/844x390-light/S-25.png","","","U","PASS","PASS","FAIL","NA","FAIL","FAIL","FAIL"
"S-25","webkit","844x390-dark","screenshots/webkit/844x390-dark/S-25.png","","","U","PASS","PASS","FAIL","NA","FAIL","FAIL","FAIL"
"S-25","webkit","768x1024-light","screenshots/webkit/768x1024-light/S-25.png","","","U","PASS","PASS","FAIL","NA","PASS","FAIL","FAIL"
"S-25","webkit","768x1024-dark","screenshots/webkit/768x1024-dark/S-25.png","","","U","PASS","PASS","FAIL","NA","PASS","FAIL","FAIL"
"S-25","webkit","1280x800-light","screenshots/webkit/1280x800-light/S-25.png","","","U","PASS","PASS","FAIL","NA","PASS","FAIL","FAIL"
"S-25","webkit","1280x800-dark","screenshots/webkit/1280x800-dark/S-25.png","","","U","PASS","PASS","FAIL","NA","PASS","FAIL","FAIL"
"S-26","webkit","390x844-light","screenshots/webkit/390x844-light/S-26.png","","","U","FAIL","PASS","FAIL","NA","PASS","FAIL","FAIL"
"S-26","webkit","390x844-dark","screenshots/webkit/390x844-dark/S-26.png","","","U","FAIL","PASS","FAIL","NA","PASS","FAIL","FAIL"
"S-26","webkit","844x390-light","screenshots/webkit/844x390-light/S-26.png","","","U","FAIL","PASS","FAIL","NA","FAIL","FAIL","FAIL"
"S-26","webkit","844x390-dark","screenshots/webkit/844x390-dark/S-26.png","","","U","FAIL","PASS","FAIL","NA","FAIL","FAIL","FAIL"
"S-26","webkit","768x1024-light","screenshots/webkit/768x1024-light/S-26.png","","","U","FAIL","PASS","FAIL","NA","PASS","FAIL","FAIL"
"S-26","webkit","768x1024-dark","screenshots/webkit/768x1024-dark/S-26.png","","","U","FAIL","PASS","FAIL","NA","PASS","FAIL","FAIL"
"S-26","webkit","1280x800-light","screenshots/webkit/1280x800-light/S-26.png","","","U","FAIL","PASS","FAIL","NA","PASS","FAIL","FAIL"
"S-26","webkit","1280x800-dark","screenshots/webkit/1280x800-dark/S-26.png","","","U","FAIL","PASS","FAIL","NA","PASS","FAIL","FAIL"
"S-27","webkit","390x844-light","screenshots/webkit/390x844-light/S-27.png","","","U","PASS","PASS","FAIL","NA","PASS","FAIL","FAIL"
"S-27","webkit","390x844-dark","screenshots/webkit/390x844-dark/S-27.png","","","U","PASS","PASS","FAIL","NA","PASS","FAIL","FAIL"
"S-27","webkit","844x390-light","screenshots/webkit/844x390-light/S-27.png","","","U","PASS","PASS","FAIL","NA","FAIL","FAIL","FAIL"
"S-27","webkit","844x390-dark","screenshots/webkit/844x390-dark/S-27.png","","","U","PASS","PASS","FAIL","NA","FAIL","FAIL","FAIL"
"S-27","webkit","768x1024-light","screenshots/webkit/768x1024-light/S-27.png","","","U","PASS","PASS","FAIL","NA","PASS","FAIL","FAIL"
"S-27","webkit","768x1024-dark","screenshots/webkit/768x1024-dark/S-27.png","","","U","PASS","PASS","FAIL","NA","PASS","FAIL","FAIL"
"S-27","webkit","1280x800-light","screenshots/webkit/1280x800-light/S-27.png","","","U","PASS","PASS","FAIL","NA","PASS","FAIL","FAIL"
"S-27","webkit","1280x800-dark","screenshots/webkit/1280x800-dark/S-27.png","","","U","PASS","PASS","FAIL","NA","PASS","FAIL","FAIL"
"S-28","webkit","390x844-light","screenshots/webkit/390x844-light/S-28.png","","","U","PASS","PASS","FAIL","NA","PASS","FAIL","FAIL"
"S-28","webkit","390x844-dark","screenshots/webkit/390x844-dark/S-28.png","","","U","PASS","PASS","FAIL","NA","PASS","FAIL","FAIL"
"S-28","webkit","844x390-light","screenshots/webkit/844x390-light/S-28.png","","","U","PASS","PASS","FAIL","NA","FAIL","FAIL","FAIL"
"S-28","webkit","844x390-dark","screenshots/webkit/844x390-dark/S-28.png","","","U","PASS","PASS","FAIL","NA","FAIL","FAIL","FAIL"
"S-28","webkit","768x1024-light","screenshots/webkit/768x1024-light/S-28.png","","","U","PASS","PASS","FAIL","NA","PASS","FAIL","FAIL"
"S-28","webkit","768x1024-dark","screenshots/webkit/768x1024-dark/S-28.png","","","U","PASS","PASS","FAIL","NA","PASS","FAIL","FAIL"
"S-28","webkit","1280x800-light","screenshots/webkit/1280x800-light/S-28.png","","","U","PASS","PASS","FAIL","NA","PASS","FAIL","FAIL"
"S-28","webkit","1280x800-dark","screenshots/webkit/1280x800-dark/S-28.png","","","U","PASS","PASS","FAIL","NA","PASS","FAIL","FAIL"
"S-29","webkit","390x844-light","screenshots/webkit/390x844-light/S-29.png","","","PASS","NA","NA","NA","NA","PASS","NA","NA"
"S-29","webkit","390x844-dark","screenshots/webkit/390x844-dark/S-29.png","","","PASS","NA","NA","NA","NA","PASS","NA","NA"
"S-29","webkit","844x390-light","screenshots/webkit/844x390-light/S-29.png","","","PASS","NA","NA","NA","NA","FAIL","NA","NA"
"S-29","webkit","844x390-dark","screenshots/webkit/844x390-dark/S-29.png","","","PASS","NA","NA","NA","NA","FAIL","NA","NA"
"S-29","webkit","768x1024-light","screenshots/webkit/768x1024-light/S-29.png","","","PASS","NA","NA","NA","NA","PASS","NA","NA"
"S-29","webkit","768x1024-dark","screenshots/webkit/768x1024-dark/S-29.png","","","PASS","NA","NA","NA","NA","PASS","NA","NA"
"S-29","webkit","1280x800-light","screenshots/webkit/1280x800-light/S-29.png","","","PASS","NA","NA","NA","NA","PASS","NA","NA"
"S-29","webkit","1280x800-dark","screenshots/webkit/1280x800-dark/S-29.png","","","PASS","NA","NA","NA","NA","PASS","NA","NA"
"S-30","webkit","390x844-light","screenshots/webkit/390x844-light/S-30.png","","","PASS","FAIL","PASS","PASS","NA","U","NA","PASS"
"S-30","webkit","390x844-dark","screenshots/webkit/390x844-dark/S-30.png","","","PASS","FAIL","PASS","PASS","NA","U","NA","PASS"
"S-30","webkit","844x390-light","screenshots/webkit/844x390-light/S-30.png","","","PASS","FAIL","PASS","PASS","NA","FAIL","NA","PASS"
"S-30","webkit","844x390-dark","screenshots/webkit/844x390-dark/S-30.png","","","PASS","FAIL","PASS","PASS","NA","FAIL","NA","PASS"
"S-30","webkit","768x1024-light","screenshots/webkit/768x1024-light/S-30.png","","","PASS","FAIL","PASS","PASS","NA","PASS","NA","PASS"
"S-30","webkit","768x1024-dark","screenshots/webkit/768x1024-dark/S-30.png","","","PASS","FAIL","PASS","PASS","NA","PASS","NA","PASS"
"S-30","webkit","1280x800-light","screenshots/webkit/1280x800-light/S-30.png","","","PASS","FAIL","PASS","PASS","NA","PASS","NA","PASS"
"S-30","webkit","1280x800-dark","screenshots/webkit/1280x800-dark/S-30.png","","","PASS","FAIL","PASS","PASS","NA","PASS","NA","PASS"
"S-31","webkit","390x844-light","screenshots/webkit/390x844-light/S-31.png","","","PASS","PASS","NA","NA","NA","PASS","NA","PASS"
"S-31","webkit","390x844-dark","screenshots/webkit/390x844-dark/S-31.png","","","PASS","PASS","NA","NA","NA","PASS","NA","PASS"
"S-31","webkit","844x390-light","screenshots/webkit/844x390-light/S-31.png","","","PASS","PASS","NA","NA","NA","FAIL","NA","PASS"
"S-31","webkit","844x390-dark","screenshots/webkit/844x390-dark/S-31.png","","","PASS","PASS","NA","NA","NA","FAIL","NA","PASS"
"S-31","webkit","768x1024-light","screenshots/webkit/768x1024-light/S-31.png","","","PASS","PASS","NA","NA","NA","PASS","NA","PASS"
"S-31","webkit","768x1024-dark","screenshots/webkit/768x1024-dark/S-31.png","","","PASS","PASS","NA","NA","NA","PASS","NA","PASS"
"S-31","webkit","1280x800-light","screenshots/webkit/1280x800-light/S-31.png","","","PASS","PASS","NA","NA","NA","PASS","NA","PASS"
"S-31","webkit","1280x800-dark","screenshots/webkit/1280x800-dark/S-31.png","","","PASS","PASS","NA","NA","NA","PASS","NA","PASS"
"S-32","webkit","390x844-light","screenshots/webkit/390x844-light/S-32.png","","","PASS","FAIL","PASS","PASS","NA","PASS","NA","PASS"
"S-32","webkit","390x844-dark","screenshots/webkit/390x844-dark/S-32.png","","","PASS","FAIL","PASS","PASS","NA","PASS","NA","PASS"
"S-32","webkit","844x390-light","screenshots/webkit/844x390-light/S-32.png","","","PASS","FAIL","PASS","PASS","NA","FAIL","NA","PASS"
"S-32","webkit","844x390-dark","screenshots/webkit/844x390-dark/S-32.png","","","PASS","FAIL","PASS","PASS","NA","FAIL","NA","PASS"
"S-32","webkit","768x1024-light","screenshots/webkit/768x1024-light/S-32.png","","","PASS","FAIL","PASS","PASS","NA","PASS","NA","PASS"
"S-32","webkit","768x1024-dark","screenshots/webkit/768x1024-dark/S-32.png","","","PASS","FAIL","PASS","PASS","NA","PASS","NA","PASS"
"S-32","webkit","1280x800-light","screenshots/webkit/1280x800-light/S-32.png","","","PASS","FAIL","PASS","PASS","NA","PASS","NA","PASS"
"S-32","webkit","1280x800-dark","screenshots/webkit/1280x800-dark/S-32.png","","","PASS","FAIL","PASS","PASS","NA","PASS","NA","PASS"
"S-33","webkit","390x844-light","screenshots/webkit/390x844-light/S-33.png","","","PASS","FAIL","PASS","PASS","U","U","NA","PASS"
"S-33","webkit","390x844-dark","screenshots/webkit/390x844-dark/S-33.png","","","PASS","FAIL","PASS","PASS","U","U","NA","PASS"
"S-33","webkit","844x390-light","screenshots/webkit/844x390-light/S-33.png","","","PASS","FAIL","PASS","PASS","U","FAIL","NA","PASS"
"S-33","webkit","844x390-dark","screenshots/webkit/844x390-dark/S-33.png","","","PASS","FAIL","PASS","PASS","U","FAIL","NA","PASS"
"S-33","webkit","768x1024-light","screenshots/webkit/768x1024-light/S-33.png","","","PASS","FAIL","PASS","PASS","U","PASS","NA","PASS"
"S-33","webkit","768x1024-dark","screenshots/webkit/768x1024-dark/S-33.png","","","PASS","FAIL","PASS","PASS","U","PASS","NA","PASS"
"S-33","webkit","1280x800-light","screenshots/webkit/1280x800-light/S-33.png","","","PASS","FAIL","PASS","PASS","U","PASS","NA","PASS"
"S-33","webkit","1280x800-dark","screenshots/webkit/1280x800-dark/S-33.png","","","PASS","FAIL","PASS","PASS","U","PASS","NA","PASS"
"S-34","webkit","390x844-light","screenshots/webkit/390x844-light/S-34.png","No live edit-locked order found","","U","U","U","U","U","U","U","U"
"S-34","webkit","390x844-dark","screenshots/webkit/390x844-dark/S-34.png","No live edit-locked order found","","U","U","U","U","U","U","U","U"
"S-34","webkit","844x390-light","screenshots/webkit/844x390-light/S-34.png","No live edit-locked order found","","U","U","U","U","U","U","U","U"
"S-34","webkit","844x390-dark","screenshots/webkit/844x390-dark/S-34.png","No live edit-locked order found","","U","U","U","U","U","U","U","U"
"S-34","webkit","768x1024-light","screenshots/webkit/768x1024-light/S-34.png","No live edit-locked order found","","U","U","U","U","U","U","U","U"
"S-34","webkit","768x1024-dark","screenshots/webkit/768x1024-dark/S-34.png","No live edit-locked order found","","U","U","U","U","U","U","U","U"
"S-34","webkit","1280x800-light","screenshots/webkit/1280x800-light/S-34.png","No live edit-locked order found","","U","U","U","U","U","U","U","U"
"S-34","webkit","1280x800-dark","screenshots/webkit/1280x800-dark/S-34.png","No live edit-locked order found","","U","U","U","U","U","U","U","U"
"S-35","webkit","390x844-light","screenshots/webkit/390x844-light/S-35.png","Status confirmation requires saving a status change; prohibited.","","U","U","U","U","U","U","U","U"
"S-35","webkit","390x844-dark","screenshots/webkit/390x844-dark/S-35.png","Status confirmation requires saving a status change; prohibited.","","U","U","U","U","U","U","U","U"
"S-35","webkit","844x390-light","screenshots/webkit/844x390-light/S-35.png","Status confirmation requires saving a status change; prohibited.","","U","U","U","U","U","U","U","U"
"S-35","webkit","844x390-dark","screenshots/webkit/844x390-dark/S-35.png","Status confirmation requires saving a status change; prohibited.","","U","U","U","U","U","U","U","U"
"S-35","webkit","768x1024-light","screenshots/webkit/768x1024-light/S-35.png","Status confirmation requires saving a status change; prohibited.","","U","U","U","U","U","U","U","U"
"S-35","webkit","768x1024-dark","screenshots/webkit/768x1024-dark/S-35.png","Status confirmation requires saving a status change; prohibited.","","U","U","U","U","U","U","U","U"
"S-35","webkit","1280x800-light","screenshots/webkit/1280x800-light/S-35.png","Status confirmation requires saving a status change; prohibited.","","U","U","U","U","U","U","U","U"
"S-35","webkit","1280x800-dark","screenshots/webkit/1280x800-dark/S-35.png","Status confirmation requires saving a status change; prohibited.","","U","U","U","U","U","U","U","U"
"S-36","webkit","390x844-light","screenshots/webkit/390x844-light/S-36.png","","","PASS","FAIL","PASS","PASS","U","PASS","NA","NA"
"S-36","webkit","390x844-dark","screenshots/webkit/390x844-dark/S-36.png","","","PASS","FAIL","PASS","PASS","U","PASS","NA","NA"
"S-36","webkit","844x390-light","screenshots/webkit/844x390-light/S-36.png","","","PASS","FAIL","PASS","PASS","U","FAIL","NA","NA"
"S-36","webkit","844x390-dark","screenshots/webkit/844x390-dark/S-36.png","","","PASS","FAIL","PASS","PASS","U","FAIL","NA","NA"
"S-36","webkit","768x1024-light","screenshots/webkit/768x1024-light/S-36.png","","","PASS","FAIL","PASS","PASS","U","PASS","NA","NA"
"S-36","webkit","768x1024-dark","screenshots/webkit/768x1024-dark/S-36.png","","","PASS","FAIL","PASS","PASS","U","PASS","NA","NA"
"S-36","webkit","1280x800-light","screenshots/webkit/1280x800-light/S-36.png","","","PASS","FAIL","PASS","PASS","U","PASS","NA","NA"
"S-36","webkit","1280x800-dark","screenshots/webkit/1280x800-dark/S-36.png","","","PASS","FAIL","PASS","PASS","U","PASS","NA","NA"
"S-37","webkit","390x844-light","screenshots/webkit/390x844-light/S-37.png","Requested region is not visible: .allocation-table-wrap","","U","U","U","U","U","U","U","U"
"S-37","webkit","390x844-dark","screenshots/webkit/390x844-dark/S-37.png","Requested region is not visible: .allocation-table-wrap","","U","U","U","U","U","U","U","U"
"S-37","webkit","844x390-light","screenshots/webkit/844x390-light/S-37.png","Requested region is not visible: .allocation-table-wrap","","U","U","U","U","U","U","U","U"
"S-37","webkit","844x390-dark","screenshots/webkit/844x390-dark/S-37.png","Requested region is not visible: .allocation-table-wrap","","U","U","U","U","U","U","U","U"
"S-37","webkit","768x1024-light","screenshots/webkit/768x1024-light/S-37.png","Requested region is not visible: .allocation-table-wrap","","U","U","U","U","U","U","U","U"
"S-37","webkit","768x1024-dark","screenshots/webkit/768x1024-dark/S-37.png","Requested region is not visible: .allocation-table-wrap","","U","U","U","U","U","U","U","U"
"S-37","webkit","1280x800-light","screenshots/webkit/1280x800-light/S-37.png","Requested region is not visible: .allocation-table-wrap","","U","U","U","U","U","U","U","U"
"S-37","webkit","1280x800-dark","screenshots/webkit/1280x800-dark/S-37.png","Requested region is not visible: .allocation-table-wrap","","U","U","U","U","U","U","U","U"
"S-38","webkit","390x844-light","screenshots/webkit/390x844-light/S-38.png","Reservation release confirmation requires Release; excluded from allowed navigation.","","U","U","U","U","U","U","U","U"
"S-38","webkit","390x844-dark","screenshots/webkit/390x844-dark/S-38.png","Reservation release confirmation requires Release; excluded from allowed navigation.","","U","U","U","U","U","U","U","U"
"S-38","webkit","844x390-light","screenshots/webkit/844x390-light/S-38.png","Reservation release confirmation requires Release; excluded from allowed navigation.","","U","U","U","U","U","U","U","U"
"S-38","webkit","844x390-dark","screenshots/webkit/844x390-dark/S-38.png","Reservation release confirmation requires Release; excluded from allowed navigation.","","U","U","U","U","U","U","U","U"
"S-38","webkit","768x1024-light","screenshots/webkit/768x1024-light/S-38.png","Reservation release confirmation requires Release; excluded from allowed navigation.","","U","U","U","U","U","U","U","U"
"S-38","webkit","768x1024-dark","screenshots/webkit/768x1024-dark/S-38.png","Reservation release confirmation requires Release; excluded from allowed navigation.","","U","U","U","U","U","U","U","U"
"S-38","webkit","1280x800-light","screenshots/webkit/1280x800-light/S-38.png","Reservation release confirmation requires Release; excluded from allowed navigation.","","U","U","U","U","U","U","U","U"
"S-38","webkit","1280x800-dark","screenshots/webkit/1280x800-dark/S-38.png","Reservation release confirmation requires Release; excluded from allowed navigation.","","U","U","U","U","U","U","U","U"
"S-39","webkit","390x844-light","screenshots/webkit/390x844-light/S-39.png","Shipping preview requires POST; its discovery requests were blocked before transmission. Not invoked under the GET-only policy.","","U","U","U","U","U","U","U","U"
"S-39","webkit","390x844-dark","screenshots/webkit/390x844-dark/S-39.png","Shipping preview requires POST; its discovery requests were blocked before transmission. Not invoked under the GET-only policy.","","U","U","U","U","U","U","U","U"
"S-39","webkit","844x390-light","screenshots/webkit/844x390-light/S-39.png","Shipping preview requires POST; its discovery requests were blocked before transmission. Not invoked under the GET-only policy.","","U","U","U","U","U","U","U","U"
"S-39","webkit","844x390-dark","screenshots/webkit/844x390-dark/S-39.png","Shipping preview requires POST; its discovery requests were blocked before transmission. Not invoked under the GET-only policy.","","U","U","U","U","U","U","U","U"
"S-39","webkit","768x1024-light","screenshots/webkit/768x1024-light/S-39.png","Shipping preview requires POST; its discovery requests were blocked before transmission. Not invoked under the GET-only policy.","","U","U","U","U","U","U","U","U"
"S-39","webkit","768x1024-dark","screenshots/webkit/768x1024-dark/S-39.png","Shipping preview requires POST; its discovery requests were blocked before transmission. Not invoked under the GET-only policy.","","U","U","U","U","U","U","U","U"
"S-39","webkit","1280x800-light","screenshots/webkit/1280x800-light/S-39.png","Shipping preview requires POST; its discovery requests were blocked before transmission. Not invoked under the GET-only policy.","","U","U","U","U","U","U","U","U"
"S-39","webkit","1280x800-dark","screenshots/webkit/1280x800-dark/S-39.png","Shipping preview requires POST; its discovery requests were blocked before transmission. Not invoked under the GET-only policy.","","U","U","U","U","U","U","U","U"
"S-40","webkit","390x844-light","screenshots/webkit/390x844-light/S-40.png","","","PASS","NA","NA","NA","NA","PASS","NA","NA"
"S-40","webkit","390x844-dark","screenshots/webkit/390x844-dark/S-40.png","","","PASS","NA","NA","NA","NA","PASS","NA","NA"
"S-40","webkit","844x390-light","screenshots/webkit/844x390-light/S-40.png","","","PASS","NA","NA","NA","NA","FAIL","NA","NA"
"S-40","webkit","844x390-dark","screenshots/webkit/844x390-dark/S-40.png","","","PASS","NA","NA","NA","NA","FAIL","NA","NA"
"S-40","webkit","768x1024-light","screenshots/webkit/768x1024-light/S-40.png","","","PASS","NA","NA","NA","NA","PASS","NA","NA"
"S-40","webkit","768x1024-dark","screenshots/webkit/768x1024-dark/S-40.png","","","PASS","NA","NA","NA","NA","PASS","NA","NA"
"S-40","webkit","1280x800-light","screenshots/webkit/1280x800-light/S-40.png","","","PASS","NA","NA","NA","NA","PASS","NA","NA"
"S-40","webkit","1280x800-dark","screenshots/webkit/1280x800-dark/S-40.png","","","PASS","NA","NA","NA","NA","PASS","NA","NA"
"S-41","webkit","390x844-light","screenshots/webkit/390x844-light/S-41.png","","","PASS","FAIL","PASS","FAIL","NA","PASS","NA","NA"
"S-41","webkit","390x844-dark","screenshots/webkit/390x844-dark/S-41.png","","","PASS","FAIL","PASS","FAIL","NA","PASS","NA","NA"
"S-41","webkit","844x390-light","screenshots/webkit/844x390-light/S-41.png","","","PASS","FAIL","PASS","FAIL","NA","FAIL","NA","NA"
"S-41","webkit","844x390-dark","screenshots/webkit/844x390-dark/S-41.png","","","PASS","FAIL","PASS","FAIL","NA","FAIL","NA","NA"
"S-41","webkit","768x1024-light","screenshots/webkit/768x1024-light/S-41.png","","","PASS","FAIL","PASS","FAIL","NA","PASS","NA","NA"
"S-41","webkit","768x1024-dark","screenshots/webkit/768x1024-dark/S-41.png","","","PASS","FAIL","PASS","FAIL","NA","PASS","NA","NA"
"S-41","webkit","1280x800-light","screenshots/webkit/1280x800-light/S-41.png","","","PASS","FAIL","PASS","FAIL","NA","PASS","NA","NA"
"S-41","webkit","1280x800-dark","screenshots/webkit/1280x800-dark/S-41.png","","","PASS","FAIL","PASS","FAIL","NA","PASS","NA","NA"
"S-42","webkit","390x844-light","screenshots/webkit/390x844-light/S-42.png","locator.waitFor: Timeout 15000ms exceeded.","","U","U","U","U","U","U","U","U"
"S-42","webkit","390x844-dark","screenshots/webkit/390x844-dark/S-42.png","locator.waitFor: Timeout 15000ms exceeded.","","U","U","U","U","U","U","U","U"
"S-42","webkit","844x390-light","screenshots/webkit/844x390-light/S-42.png","locator.waitFor: Timeout 15000ms exceeded.","","U","U","U","U","U","U","U","U"
"S-42","webkit","844x390-dark","screenshots/webkit/844x390-dark/S-42.png","locator.waitFor: Timeout 15000ms exceeded.","","U","U","U","U","U","U","U","U"
"S-42","webkit","768x1024-light","screenshots/webkit/768x1024-light/S-42.png","locator.waitFor: Timeout 15000ms exceeded.","","U","U","U","U","U","U","U","U"
"S-42","webkit","768x1024-dark","screenshots/webkit/768x1024-dark/S-42.png","locator.waitFor: Timeout 15000ms exceeded.","","U","U","U","U","U","U","U","U"
"S-42","webkit","1280x800-light","screenshots/webkit/1280x800-light/S-42.png","locator.waitFor: Timeout 15000ms exceeded.","","U","U","U","U","U","U","U","U"
"S-42","webkit","1280x800-dark","screenshots/webkit/1280x800-dark/S-42.png","locator.waitFor: Timeout 15000ms exceeded.","","U","U","U","U","U","U","U","U"
"S-43","webkit","390x844-light","screenshots/webkit/390x844-light/S-43.png","locator.waitFor: Timeout 15000ms exceeded.","","U","U","U","U","U","U","U","U"
"S-43","webkit","390x844-dark","screenshots/webkit/390x844-dark/S-43.png","locator.waitFor: Timeout 15000ms exceeded.","","U","U","U","U","U","U","U","U"
"S-43","webkit","844x390-light","screenshots/webkit/844x390-light/S-43.png","locator.waitFor: Timeout 15000ms exceeded.","","U","U","U","U","U","U","U","U"
"S-43","webkit","844x390-dark","screenshots/webkit/844x390-dark/S-43.png","locator.waitFor: Timeout 15000ms exceeded.","","U","U","U","U","U","U","U","U"
"S-43","webkit","768x1024-light","screenshots/webkit/768x1024-light/S-43.png","locator.waitFor: Timeout 15000ms exceeded.","","U","U","U","U","U","U","U","U"
"S-43","webkit","768x1024-dark","screenshots/webkit/768x1024-dark/S-43.png","locator.waitFor: Timeout 15000ms exceeded.","","U","U","U","U","U","U","U","U"
"S-43","webkit","1280x800-light","screenshots/webkit/1280x800-light/S-43.png","locator.waitFor: Timeout 15000ms exceeded.","","U","U","U","U","U","U","U","U"
"S-43","webkit","1280x800-dark","screenshots/webkit/1280x800-dark/S-43.png","locator.waitFor: Timeout 15000ms exceeded.","","U","U","U","U","U","U","U","U"
"S-44","webkit","390x844-light","screenshots/webkit/390x844-light/S-44.png","","","PASS","FAIL","NA","NA","NA","PASS","PASS","NA"
"S-44","webkit","390x844-dark","screenshots/webkit/390x844-dark/S-44.png","","","PASS","FAIL","NA","NA","NA","PASS","PASS","NA"
"S-44","webkit","844x390-light","screenshots/webkit/844x390-light/S-44.png","","","PASS","FAIL","NA","NA","NA","FAIL","PASS","NA"
"S-44","webkit","844x390-dark","screenshots/webkit/844x390-dark/S-44.png","","","PASS","FAIL","NA","NA","NA","FAIL","PASS","NA"
"S-44","webkit","768x1024-light","screenshots/webkit/768x1024-light/S-44.png","","","PASS","FAIL","NA","NA","NA","PASS","PASS","NA"
"S-44","webkit","768x1024-dark","screenshots/webkit/768x1024-dark/S-44.png","","","PASS","FAIL","NA","NA","NA","PASS","PASS","NA"
"S-44","webkit","1280x800-light","screenshots/webkit/1280x800-light/S-44.png","","","PASS","FAIL","NA","NA","NA","PASS","PASS","NA"
"S-44","webkit","1280x800-dark","screenshots/webkit/1280x800-dark/S-44.png","","","PASS","FAIL","NA","NA","NA","PASS","PASS","NA"
"S-45","webkit","390x844-light","screenshots/webkit/390x844-light/S-45.png","","","PASS","FAIL","PASS","FAIL","U","PASS","NA","NA"
"S-45","webkit","390x844-dark","screenshots/webkit/390x844-dark/S-45.png","","","PASS","FAIL","PASS","FAIL","U","PASS","NA","NA"
"S-45","webkit","844x390-light","screenshots/webkit/844x390-light/S-45.png","","","PASS","FAIL","PASS","FAIL","U","FAIL","NA","NA"
"S-45","webkit","844x390-dark","screenshots/webkit/844x390-dark/S-45.png","","","U","FAIL","PASS","FAIL","U","FAIL","NA","NA"
"S-45","webkit","768x1024-light","screenshots/webkit/768x1024-light/S-45.png","","","PASS","FAIL","PASS","FAIL","U","PASS","NA","NA"
"S-45","webkit","768x1024-dark","screenshots/webkit/768x1024-dark/S-45.png","","","PASS","FAIL","PASS","FAIL","U","PASS","NA","NA"
"S-45","webkit","1280x800-light","screenshots/webkit/1280x800-light/S-45.png","","","PASS","FAIL","PASS","FAIL","U","PASS","NA","NA"
"S-45","webkit","1280x800-dark","screenshots/webkit/1280x800-dark/S-45.png","","","PASS","FAIL","PASS","FAIL","U","PASS","NA","NA"
"S-46","webkit","390x844-light","screenshots/webkit/390x844-light/S-46.png","","","PASS","PASS","NA","NA","NA","PASS","PASS","NA"
"S-46","webkit","390x844-dark","screenshots/webkit/390x844-dark/S-46.png","","","PASS","PASS","NA","NA","NA","PASS","PASS","NA"
"S-46","webkit","844x390-light","screenshots/webkit/844x390-light/S-46.png","","","PASS","PASS","NA","NA","NA","FAIL","PASS","NA"
"S-46","webkit","844x390-dark","screenshots/webkit/844x390-dark/S-46.png","","","PASS","PASS","NA","NA","NA","FAIL","PASS","NA"
"S-46","webkit","768x1024-light","screenshots/webkit/768x1024-light/S-46.png","","","PASS","PASS","NA","NA","NA","PASS","PASS","NA"
"S-46","webkit","768x1024-dark","screenshots/webkit/768x1024-dark/S-46.png","","","PASS","PASS","NA","NA","NA","PASS","PASS","NA"
"S-46","webkit","1280x800-light","screenshots/webkit/1280x800-light/S-46.png","","","PASS","PASS","NA","NA","NA","PASS","PASS","NA"
"S-46","webkit","1280x800-dark","screenshots/webkit/1280x800-dark/S-46.png","","","PASS","PASS","NA","NA","NA","PASS","PASS","NA"
"S-47","webkit","390x844-light","screenshots/webkit/390x844-light/S-47.png","","","PASS","PASS","PASS","PASS","NA","U","NA","NA"
"S-47","webkit","390x844-dark","screenshots/webkit/390x844-dark/S-47.png","","","PASS","PASS","PASS","PASS","NA","U","NA","NA"
"S-47","webkit","844x390-light","screenshots/webkit/844x390-light/S-47.png","","","PASS","PASS","PASS","PASS","NA","FAIL","NA","NA"
"S-47","webkit","844x390-dark","screenshots/webkit/844x390-dark/S-47.png","","","PASS","PASS","PASS","PASS","NA","FAIL","NA","NA"
"S-47","webkit","768x1024-light","screenshots/webkit/768x1024-light/S-47.png","","","PASS","PASS","PASS","PASS","NA","U","NA","NA"
"S-47","webkit","768x1024-dark","screenshots/webkit/768x1024-dark/S-47.png","","","PASS","PASS","PASS","PASS","NA","U","NA","NA"
"S-47","webkit","1280x800-light","screenshots/webkit/1280x800-light/S-47.png","","","PASS","PASS","PASS","PASS","NA","U","NA","NA"
"S-47","webkit","1280x800-dark","screenshots/webkit/1280x800-dark/S-47.png","","","PASS","PASS","PASS","PASS","NA","U","NA","NA"
"S-48","webkit","390x844-light","screenshots/webkit/390x844-light/S-48.png","","","PASS","PASS","PASS","PASS","NA","U","NA","NA"
"S-48","webkit","390x844-dark","screenshots/webkit/390x844-dark/S-48.png","","","PASS","PASS","PASS","PASS","NA","U","NA","NA"
"S-48","webkit","844x390-light","screenshots/webkit/844x390-light/S-48.png","","","PASS","PASS","PASS","PASS","NA","FAIL","NA","NA"
"S-48","webkit","844x390-dark","screenshots/webkit/844x390-dark/S-48.png","","","PASS","PASS","PASS","PASS","NA","FAIL","NA","NA"
"S-48","webkit","768x1024-light","screenshots/webkit/768x1024-light/S-48.png","","","PASS","PASS","PASS","PASS","NA","U","NA","NA"
"S-48","webkit","768x1024-dark","screenshots/webkit/768x1024-dark/S-48.png","","","PASS","PASS","PASS","PASS","NA","U","NA","NA"
"S-48","webkit","1280x800-light","screenshots/webkit/1280x800-light/S-48.png","","","PASS","PASS","PASS","PASS","NA","U","NA","NA"
"S-48","webkit","1280x800-dark","screenshots/webkit/1280x800-dark/S-48.png","","","PASS","PASS","PASS","PASS","NA","U","NA","NA"
"S-49","webkit","390x844-light","screenshots/webkit/390x844-light/S-49.png","","","U","FAIL","NA","NA","NA","PASS","NA","NA"
"S-49","webkit","390x844-dark","screenshots/webkit/390x844-dark/S-49.png","","","U","FAIL","NA","NA","NA","PASS","NA","NA"
"S-49","webkit","844x390-light","screenshots/webkit/844x390-light/S-49.png","","","U","FAIL","NA","NA","NA","FAIL","NA","NA"
"S-49","webkit","844x390-dark","screenshots/webkit/844x390-dark/S-49.png","","","U","FAIL","NA","NA","NA","FAIL","NA","NA"
"S-49","webkit","768x1024-light","screenshots/webkit/768x1024-light/S-49.png","","","U","FAIL","NA","NA","NA","PASS","NA","NA"
"S-49","webkit","768x1024-dark","screenshots/webkit/768x1024-dark/S-49.png","","","U","FAIL","NA","NA","NA","PASS","NA","NA"
"S-49","webkit","1280x800-light","screenshots/webkit/1280x800-light/S-49.png","","","U","FAIL","NA","NA","NA","PASS","NA","NA"
"S-49","webkit","1280x800-dark","screenshots/webkit/1280x800-dark/S-49.png","","","U","FAIL","NA","NA","NA","PASS","NA","NA"
"S-50","webkit","390x844-light","screenshots/webkit/390x844-light/S-50.png","","","U","FAIL","NA","NA","NA","PASS","NA","NA"
"S-50","webkit","390x844-dark","screenshots/webkit/390x844-dark/S-50.png","","","U","FAIL","NA","NA","NA","PASS","NA","NA"
"S-50","webkit","844x390-light","screenshots/webkit/844x390-light/S-50.png","","","U","FAIL","NA","NA","NA","FAIL","NA","NA"
"S-50","webkit","844x390-dark","screenshots/webkit/844x390-dark/S-50.png","","","U","FAIL","NA","NA","NA","FAIL","NA","NA"
"S-50","webkit","768x1024-light","screenshots/webkit/768x1024-light/S-50.png","","","U","FAIL","NA","NA","NA","PASS","NA","NA"
"S-50","webkit","768x1024-dark","screenshots/webkit/768x1024-dark/S-50.png","","","U","FAIL","NA","NA","NA","PASS","NA","NA"
"S-50","webkit","1280x800-light","screenshots/webkit/1280x800-light/S-50.png","","","U","FAIL","NA","NA","NA","PASS","NA","NA"
"S-50","webkit","1280x800-dark","screenshots/webkit/1280x800-dark/S-50.png","","","U","FAIL","NA","NA","NA","PASS","NA","NA"
"S-51","webkit","390x844-light","screenshots/webkit/390x844-light/S-51.png","locator.waitFor: Timeout 15000ms exceeded.","","U","U","U","U","U","U","U","U"
"S-51","webkit","390x844-dark","screenshots/webkit/390x844-dark/S-51.png","locator.waitFor: Timeout 15000ms exceeded.","","U","U","U","U","U","U","U","U"
"S-51","webkit","844x390-light","screenshots/webkit/844x390-light/S-51.png","locator.waitFor: Timeout 15000ms exceeded.","","U","U","U","U","U","U","U","U"
"S-51","webkit","844x390-dark","screenshots/webkit/844x390-dark/S-51.png","locator.waitFor: Timeout 15000ms exceeded.","","U","U","U","U","U","U","U","U"
"S-51","webkit","768x1024-light","screenshots/webkit/768x1024-light/S-51.png","locator.waitFor: Timeout 15000ms exceeded.","","U","U","U","U","U","U","U","U"
"S-51","webkit","768x1024-dark","screenshots/webkit/768x1024-dark/S-51.png","locator.waitFor: Timeout 15000ms exceeded.","","U","U","U","U","U","U","U","U"
"S-51","webkit","1280x800-light","screenshots/webkit/1280x800-light/S-51.png","locator.waitFor: Timeout 15000ms exceeded.","","U","U","U","U","U","U","U","U"
"S-51","webkit","1280x800-dark","screenshots/webkit/1280x800-dark/S-51.png","locator.waitFor: Timeout 15000ms exceeded.","","U","U","U","U","U","U","U","U"
"S-52","webkit","390x844-light","screenshots/webkit/390x844-light/S-52.png","","","U","PASS","PASS","PASS","NA","PASS","PASS","NA"
"S-52","webkit","390x844-dark","screenshots/webkit/390x844-dark/S-52.png","","","U","PASS","PASS","PASS","NA","PASS","PASS","NA"
"S-52","webkit","844x390-light","screenshots/webkit/844x390-light/S-52.png","","","U","PASS","PASS","PASS","NA","FAIL","PASS","NA"
"S-52","webkit","844x390-dark","screenshots/webkit/844x390-dark/S-52.png","","","U","PASS","PASS","PASS","NA","FAIL","PASS","NA"
"S-52","webkit","768x1024-light","screenshots/webkit/768x1024-light/S-52.png","","","U","PASS","PASS","PASS","NA","PASS","PASS","NA"
"S-52","webkit","768x1024-dark","screenshots/webkit/768x1024-dark/S-52.png","","","U","PASS","PASS","PASS","NA","PASS","PASS","NA"
"S-52","webkit","1280x800-light","screenshots/webkit/1280x800-light/S-52.png","","","U","PASS","PASS","PASS","NA","PASS","PASS","NA"
"S-52","webkit","1280x800-dark","screenshots/webkit/1280x800-dark/S-52.png","","","U","PASS","PASS","PASS","NA","PASS","PASS","NA"
"S-53","webkit","390x844-light","screenshots/webkit/390x844-light/S-53.png","","","PASS","FAIL","PASS","FAIL","U","PASS","NA","NA"
"S-53","webkit","390x844-dark","screenshots/webkit/390x844-dark/S-53.png","","","PASS","FAIL","PASS","FAIL","U","PASS","NA","NA"
"S-53","webkit","844x390-light","screenshots/webkit/844x390-light/S-53.png","","","PASS","FAIL","PASS","FAIL","U","FAIL","NA","NA"
"S-53","webkit","844x390-dark","screenshots/webkit/844x390-dark/S-53.png","","","U","FAIL","PASS","FAIL","U","FAIL","NA","NA"
"S-53","webkit","768x1024-light","screenshots/webkit/768x1024-light/S-53.png","","","PASS","FAIL","PASS","FAIL","U","PASS","NA","NA"
"S-53","webkit","768x1024-dark","screenshots/webkit/768x1024-dark/S-53.png","","","PASS","FAIL","PASS","FAIL","U","PASS","NA","NA"
"S-53","webkit","1280x800-light","screenshots/webkit/1280x800-light/S-53.png","","","PASS","FAIL","PASS","FAIL","U","PASS","NA","NA"
"S-53","webkit","1280x800-dark","screenshots/webkit/1280x800-dark/S-53.png","","","PASS","FAIL","PASS","FAIL","U","PASS","NA","NA"
"S-54","webkit","390x844-light","screenshots/webkit/390x844-light/S-54.png","","","U","PASS","NA","NA","NA","PASS","NA","NA"
"S-54","webkit","390x844-dark","screenshots/webkit/390x844-dark/S-54.png","","","U","PASS","NA","NA","NA","PASS","NA","NA"
"S-54","webkit","844x390-light","screenshots/webkit/844x390-light/S-54.png","","","U","PASS","NA","NA","NA","FAIL","NA","NA"
"S-54","webkit","844x390-dark","screenshots/webkit/844x390-dark/S-54.png","","","U","PASS","NA","NA","NA","FAIL","NA","NA"
"S-54","webkit","768x1024-light","screenshots/webkit/768x1024-light/S-54.png","","","PASS","PASS","NA","NA","NA","PASS","NA","NA"
"S-54","webkit","768x1024-dark","screenshots/webkit/768x1024-dark/S-54.png","","","PASS","PASS","NA","NA","NA","PASS","NA","NA"
"S-54","webkit","1280x800-light","screenshots/webkit/1280x800-light/S-54.png","","","U","PASS","NA","NA","NA","PASS","NA","NA"
"S-54","webkit","1280x800-dark","screenshots/webkit/1280x800-dark/S-54.png","","","U","PASS","NA","NA","NA","PASS","NA","NA"
"S-55","webkit","390x844-light","screenshots/webkit/390x844-light/S-55.png","No naturally ambiguous lot identified; no synthetic HTTP 409 or fixture substitution.","","U","U","U","U","U","U","U","U"
"S-55","webkit","390x844-dark","screenshots/webkit/390x844-dark/S-55.png","No naturally ambiguous lot identified; no synthetic HTTP 409 or fixture substitution.","","U","U","U","U","U","U","U","U"
"S-55","webkit","844x390-light","screenshots/webkit/844x390-light/S-55.png","No naturally ambiguous lot identified; no synthetic HTTP 409 or fixture substitution.","","U","U","U","U","U","U","U","U"
"S-55","webkit","844x390-dark","screenshots/webkit/844x390-dark/S-55.png","No naturally ambiguous lot identified; no synthetic HTTP 409 or fixture substitution.","","U","U","U","U","U","U","U","U"
"S-55","webkit","768x1024-light","screenshots/webkit/768x1024-light/S-55.png","No naturally ambiguous lot identified; no synthetic HTTP 409 or fixture substitution.","","U","U","U","U","U","U","U","U"
"S-55","webkit","768x1024-dark","screenshots/webkit/768x1024-dark/S-55.png","No naturally ambiguous lot identified; no synthetic HTTP 409 or fixture substitution.","","U","U","U","U","U","U","U","U"
"S-55","webkit","1280x800-light","screenshots/webkit/1280x800-light/S-55.png","No naturally ambiguous lot identified; no synthetic HTTP 409 or fixture substitution.","","U","U","U","U","U","U","U","U"
"S-55","webkit","1280x800-dark","screenshots/webkit/1280x800-dark/S-55.png","No naturally ambiguous lot identified; no synthetic HTTP 409 or fixture substitution.","","U","U","U","U","U","U","U","U"
"S-56","webkit","390x844-light","screenshots/webkit/390x844-light/S-56.png","","","U","PASS","NA","NA","NA","PASS","NA","NA"
"S-56","webkit","390x844-dark","screenshots/webkit/390x844-dark/S-56.png","","","U","PASS","NA","NA","NA","PASS","NA","NA"
"S-56","webkit","844x390-light","screenshots/webkit/844x390-light/S-56.png","","","U","PASS","NA","NA","NA","FAIL","NA","NA"
"S-56","webkit","844x390-dark","screenshots/webkit/844x390-dark/S-56.png","","","U","PASS","NA","NA","NA","FAIL","NA","NA"
"S-56","webkit","768x1024-light","screenshots/webkit/768x1024-light/S-56.png","","","PASS","PASS","NA","NA","NA","PASS","NA","NA"
"S-56","webkit","768x1024-dark","screenshots/webkit/768x1024-dark/S-56.png","","","PASS","PASS","NA","NA","NA","PASS","NA","NA"
"S-56","webkit","1280x800-light","screenshots/webkit/1280x800-light/S-56.png","","","PASS","PASS","NA","NA","NA","PASS","NA","NA"
"S-56","webkit","1280x800-dark","screenshots/webkit/1280x800-dark/S-56.png","","","PASS","PASS","NA","NA","NA","PASS","NA","NA"
"S-57","webkit","390x844-light","screenshots/webkit/390x844-light/S-57.png","","","PASS","FAIL","PASS","PASS","NA","FAIL","NA","NA"
"S-57","webkit","390x844-dark","screenshots/webkit/390x844-dark/S-57.png","","","PASS","FAIL","PASS","PASS","NA","FAIL","NA","NA"
"S-57","webkit","844x390-light","screenshots/webkit/844x390-light/S-57.png","","","PASS","FAIL","PASS","PASS","NA","FAIL","NA","NA"
"S-57","webkit","844x390-dark","screenshots/webkit/844x390-dark/S-57.png","","","PASS","FAIL","PASS","PASS","NA","PASS","NA","NA"
"S-57","webkit","768x1024-light","screenshots/webkit/768x1024-light/S-57.png","","","PASS","FAIL","PASS","PASS","NA","PASS","NA","NA"
"S-57","webkit","768x1024-dark","screenshots/webkit/768x1024-dark/S-57.png","","","PASS","FAIL","PASS","PASS","NA","PASS","NA","NA"
"S-57","webkit","1280x800-light","screenshots/webkit/1280x800-light/S-57.png","","","PASS","FAIL","PASS","PASS","NA","PASS","NA","NA"
"S-57","webkit","1280x800-dark","screenshots/webkit/1280x800-dark/S-57.png","","","PASS","FAIL","PASS","PASS","NA","PASS","NA","NA"
"S-58","webkit","390x844-light","screenshots/webkit/390x844-light/S-58.png","","","U","NA","NA","NA","NA","FAIL","NA","PASS"
"S-58","webkit","390x844-dark","screenshots/webkit/390x844-dark/S-58.png","","","U","NA","NA","NA","NA","FAIL","NA","PASS"
"S-58","webkit","844x390-light","screenshots/webkit/844x390-light/S-58.png","","","U","NA","NA","NA","NA","PASS","NA","PASS"
"S-58","webkit","844x390-dark","screenshots/webkit/844x390-dark/S-58.png","","","U","NA","NA","NA","NA","PASS","NA","PASS"
"S-58","webkit","768x1024-light","screenshots/webkit/768x1024-light/S-58.png","","","U","NA","NA","NA","NA","PASS","NA","PASS"
"S-58","webkit","768x1024-dark","screenshots/webkit/768x1024-dark/S-58.png","","","U","NA","NA","NA","NA","PASS","NA","PASS"
"S-58","webkit","1280x800-light","screenshots/webkit/1280x800-light/S-58.png","","","U","NA","NA","NA","NA","PASS","NA","PASS"
"S-58","webkit","1280x800-dark","screenshots/webkit/1280x800-dark/S-58.png","","","U","NA","NA","NA","NA","PASS","NA","PASS"
"S-59","webkit","390x844-light","screenshots/webkit/390x844-light/S-59.png","No live failure/loading banner; no synthetic API failures.","","U","U","U","U","U","U","U","U"
"S-59","webkit","390x844-dark","screenshots/webkit/390x844-dark/S-59.png","No live failure/loading banner; no synthetic API failures.","","U","U","U","U","U","U","U","U"
"S-59","webkit","844x390-light","screenshots/webkit/844x390-light/S-59.png","No live failure/loading banner; no synthetic API failures.","","U","U","U","U","U","U","U","U"
"S-59","webkit","844x390-dark","screenshots/webkit/844x390-dark/S-59.png","No live failure/loading banner; no synthetic API failures.","","U","U","U","U","U","U","U","U"
"S-59","webkit","768x1024-light","screenshots/webkit/768x1024-light/S-59.png","No live failure/loading banner; no synthetic API failures.","","U","U","U","U","U","U","U","U"
"S-59","webkit","768x1024-dark","screenshots/webkit/768x1024-dark/S-59.png","No live failure/loading banner; no synthetic API failures.","","U","U","U","U","U","U","U","U"
"S-59","webkit","1280x800-light","screenshots/webkit/1280x800-light/S-59.png","No live failure/loading banner; no synthetic API failures.","","U","U","U","U","U","U","U","U"
"S-59","webkit","1280x800-dark","screenshots/webkit/1280x800-dark/S-59.png","No live failure/loading banner; no synthetic API failures.","","U","U","U","U","U","U","U","U"
"S-60","webkit","390x844-light","screenshots/webkit/390x844-light/S-60.png","","","PASS","NA","NA","NA","NA","PASS","NA","NA"
"S-60","webkit","390x844-dark","screenshots/webkit/390x844-dark/S-60.png","","","PASS","NA","NA","NA","NA","PASS","NA","NA"
"S-60","webkit","844x390-light","screenshots/webkit/844x390-light/S-60.png","","","PASS","NA","NA","NA","NA","PASS","NA","NA"
"S-60","webkit","844x390-dark","screenshots/webkit/844x390-dark/S-60.png","","","PASS","NA","NA","NA","NA","PASS","NA","NA"
"S-60","webkit","768x1024-light","screenshots/webkit/768x1024-light/S-60.png","","","PASS","NA","NA","NA","NA","PASS","NA","NA"
"S-60","webkit","768x1024-dark","screenshots/webkit/768x1024-dark/S-60.png","","","PASS","NA","NA","NA","NA","PASS","NA","NA"
"S-60","webkit","1280x800-light","screenshots/webkit/1280x800-light/S-60.png","","","PASS","NA","NA","NA","NA","PASS","NA","NA"
"S-60","webkit","1280x800-dark","screenshots/webkit/1280x800-dark/S-60.png","","","PASS","NA","NA","NA","NA","PASS","NA","NA"
"S-61","webkit","390x844-light","screenshots/webkit/390x844-light/S-61.png","","","U","NA","NA","NA","NA","PASS","NA","PASS"
"S-61","webkit","390x844-dark","screenshots/webkit/390x844-dark/S-61.png","","","U","NA","NA","NA","NA","PASS","NA","PASS"
"S-61","webkit","844x390-light","screenshots/webkit/844x390-light/S-61.png","","","PASS","NA","NA","NA","NA","PASS","NA","PASS"
"S-61","webkit","844x390-dark","screenshots/webkit/844x390-dark/S-61.png","","","PASS","NA","NA","NA","NA","PASS","NA","PASS"
"S-61","webkit","768x1024-light","screenshots/webkit/768x1024-light/S-61.png","","","PASS","NA","NA","NA","NA","PASS","NA","PASS"
"S-61","webkit","768x1024-dark","screenshots/webkit/768x1024-dark/S-61.png","","","PASS","NA","NA","NA","NA","PASS","NA","PASS"
"S-61","webkit","1280x800-light","screenshots/webkit/1280x800-light/S-61.png","","","PASS","NA","NA","NA","NA","PASS","NA","PASS"
"S-61","webkit","1280x800-dark","screenshots/webkit/1280x800-dark/S-61.png","","","PASS","NA","NA","NA","NA","PASS","NA","PASS"
"S-62","webkit","390x844-light","screenshots/webkit/390x844-light/S-62.png","Error/stale state requires live occurrence; footer alone does not establish that state.","","U","U","U","U","U","U","U","U"
"S-62","webkit","390x844-dark","screenshots/webkit/390x844-dark/S-62.png","Error/stale state requires live occurrence; footer alone does not establish that state.","","U","U","U","U","U","U","U","U"
"S-62","webkit","844x390-light","screenshots/webkit/844x390-light/S-62.png","Error/stale state requires live occurrence; footer alone does not establish that state.","","U","U","U","U","U","U","U","U"
"S-62","webkit","844x390-dark","screenshots/webkit/844x390-dark/S-62.png","Error/stale state requires live occurrence; footer alone does not establish that state.","","U","U","U","U","U","U","U","U"
"S-62","webkit","768x1024-light","screenshots/webkit/768x1024-light/S-62.png","Error/stale state requires live occurrence; footer alone does not establish that state.","","U","U","U","U","U","U","U","U"
"S-62","webkit","768x1024-dark","screenshots/webkit/768x1024-dark/S-62.png","Error/stale state requires live occurrence; footer alone does not establish that state.","","U","U","U","U","U","U","U","U"
"S-62","webkit","1280x800-light","screenshots/webkit/1280x800-light/S-62.png","Error/stale state requires live occurrence; footer alone does not establish that state.","","U","U","U","U","U","U","U","U"
"S-62","webkit","1280x800-dark","screenshots/webkit/1280x800-dark/S-62.png","Error/stale state requires live occurrence; footer alone does not establish that state.","","U","U","U","U","U","U","U","U"
"S-63","webkit","390x844-light","screenshots/webkit/390x844-light/S-63.png","","","U","FAIL","PASS","FAIL","U","PASS","PASS","NA"
"S-63","webkit","390x844-dark","screenshots/webkit/390x844-dark/S-63.png","","","U","FAIL","PASS","PASS","U","PASS","NA","NA"
"S-63","webkit","844x390-light","screenshots/webkit/844x390-light/S-63.png","","","PASS","FAIL","PASS","PASS","U","PASS","NA","NA"
"S-63","webkit","844x390-dark","screenshots/webkit/844x390-dark/S-63.png","","","PASS","FAIL","PASS","PASS","U","PASS","NA","NA"
"S-63","webkit","768x1024-light","screenshots/webkit/768x1024-light/S-63.png","","","PASS","FAIL","PASS","PASS","U","PASS","NA","NA"
"S-63","webkit","768x1024-dark","screenshots/webkit/768x1024-dark/S-63.png","","","PASS","FAIL","PASS","PASS","U","PASS","NA","NA"
"S-63","webkit","1280x800-light","screenshots/webkit/1280x800-light/S-63.png","","","PASS","FAIL","PASS","PASS","U","PASS","NA","NA"
"S-63","webkit","1280x800-dark","screenshots/webkit/1280x800-dark/S-63.png","","","PASS","FAIL","PASS","PASS","U","PASS","NA","NA"
"S-64","webkit","390x844-light","screenshots/webkit/390x844-light/S-64.png","","","U","PASS","PASS","FAIL","NA","PASS","PASS","NA"
"S-64","webkit","390x844-dark","screenshots/webkit/390x844-dark/S-64.png","","","U","PASS","PASS","PASS","NA","PASS","NA","NA"
"S-64","webkit","844x390-light","screenshots/webkit/844x390-light/S-64.png","","","PASS","PASS","PASS","PASS","NA","PASS","NA","NA"
"S-64","webkit","844x390-dark","screenshots/webkit/844x390-dark/S-64.png","","","PASS","PASS","PASS","PASS","NA","PASS","NA","NA"
"S-64","webkit","768x1024-light","screenshots/webkit/768x1024-light/S-64.png","","","PASS","PASS","PASS","PASS","NA","PASS","NA","NA"
"S-64","webkit","768x1024-dark","screenshots/webkit/768x1024-dark/S-64.png","","","PASS","PASS","PASS","PASS","NA","PASS","NA","NA"
"S-64","webkit","1280x800-light","screenshots/webkit/1280x800-light/S-64.png","","","PASS","PASS","PASS","PASS","NA","PASS","NA","NA"
"S-64","webkit","1280x800-dark","screenshots/webkit/1280x800-dark/S-64.png","","","PASS","PASS","PASS","PASS","NA","PASS","NA","NA"
"S-65","webkit","390x844-light","screenshots/webkit/390x844-light/S-65.png","","","PASS","FAIL","NA","NA","NA","FAIL","NA","NA"
"S-65","webkit","390x844-dark","screenshots/webkit/390x844-dark/S-65.png","","","PASS","FAIL","NA","NA","NA","FAIL","NA","NA"
"S-65","webkit","844x390-light","screenshots/webkit/844x390-light/S-65.png","","","PASS","FAIL","NA","NA","NA","PASS","NA","NA"
"S-65","webkit","844x390-dark","screenshots/webkit/844x390-dark/S-65.png","","","PASS","FAIL","NA","NA","NA","PASS","NA","NA"
"S-65","webkit","768x1024-light","screenshots/webkit/768x1024-light/S-65.png","","","PASS","FAIL","NA","NA","NA","PASS","NA","NA"
"S-65","webkit","768x1024-dark","screenshots/webkit/768x1024-dark/S-65.png","","","PASS","FAIL","NA","NA","NA","PASS","NA","NA"
"S-65","webkit","1280x800-light","screenshots/webkit/1280x800-light/S-65.png","","","PASS","FAIL","NA","NA","NA","PASS","NA","NA"
"S-65","webkit","1280x800-dark","screenshots/webkit/1280x800-dark/S-65.png","","","PASS","FAIL","NA","NA","NA","PASS","NA","NA"
"S-66","webkit","390x844-light","screenshots/webkit/390x844-light/S-66.png","","","PASS","NA","NA","NA","NA","FAIL","NA","PASS"
"S-66","webkit","390x844-dark","screenshots/webkit/390x844-dark/S-66.png","","","PASS","NA","NA","NA","NA","FAIL","NA","PASS"
"S-66","webkit","844x390-light","screenshots/webkit/844x390-light/S-66.png","","","PASS","NA","NA","NA","NA","PASS","NA","PASS"
"S-66","webkit","844x390-dark","screenshots/webkit/844x390-dark/S-66.png","","","PASS","NA","NA","NA","NA","PASS","NA","PASS"
"S-66","webkit","768x1024-light","screenshots/webkit/768x1024-light/S-66.png","","","PASS","NA","NA","NA","NA","PASS","NA","PASS"
"S-66","webkit","768x1024-dark","screenshots/webkit/768x1024-dark/S-66.png","","","PASS","NA","NA","NA","NA","PASS","NA","PASS"
"S-66","webkit","1280x800-light","screenshots/webkit/1280x800-light/S-66.png","","","PASS","NA","NA","NA","NA","PASS","NA","PASS"
"S-66","webkit","1280x800-dark","screenshots/webkit/1280x800-dark/S-66.png","","","PASS","NA","NA","NA","NA","PASS","NA","PASS"
"S-67","webkit","390x844-light","screenshots/webkit/390x844-light/S-67.png","","","NA","NA","NA","NA","NA","FAIL","NA","NA"
"S-67","webkit","390x844-dark","screenshots/webkit/390x844-dark/S-67.png","","","NA","NA","NA","NA","NA","FAIL","NA","NA"
"S-67","webkit","844x390-light","screenshots/webkit/844x390-light/S-67.png","","","NA","NA","NA","NA","NA","PASS","NA","NA"
"S-67","webkit","844x390-dark","screenshots/webkit/844x390-dark/S-67.png","","","NA","NA","NA","NA","NA","PASS","NA","NA"
"S-67","webkit","768x1024-light","screenshots/webkit/768x1024-light/S-67.png","","","NA","NA","NA","NA","NA","PASS","NA","NA"
"S-67","webkit","768x1024-dark","screenshots/webkit/768x1024-dark/S-67.png","","","NA","NA","NA","NA","NA","PASS","NA","NA"
"S-67","webkit","1280x800-light","screenshots/webkit/1280x800-light/S-67.png","","","NA","NA","NA","NA","NA","PASS","NA","NA"
"S-67","webkit","1280x800-dark","screenshots/webkit/1280x800-dark/S-67.png","","","NA","NA","NA","NA","NA","PASS","NA","NA"
"S-68","webkit","390x844-light","screenshots/webkit/390x844-light/S-68.png","","","U","PASS","NA","NA","NA","FAIL","NA","NA"
"S-68","webkit","390x844-dark","screenshots/webkit/390x844-dark/S-68.png","","","U","PASS","NA","NA","NA","FAIL","NA","NA"
"S-68","webkit","844x390-light","screenshots/webkit/844x390-light/S-68.png","","","U","PASS","NA","NA","NA","PASS","NA","NA"
"S-68","webkit","844x390-dark","screenshots/webkit/844x390-dark/S-68.png","","","U","PASS","NA","NA","NA","PASS","NA","NA"
"S-68","webkit","768x1024-light","screenshots/webkit/768x1024-light/S-68.png","","","U","PASS","NA","NA","NA","PASS","NA","NA"
"S-68","webkit","768x1024-dark","screenshots/webkit/768x1024-dark/S-68.png","","","U","PASS","NA","NA","NA","PASS","NA","NA"
"S-68","webkit","1280x800-light","screenshots/webkit/1280x800-light/S-68.png","","","U","PASS","NA","NA","NA","PASS","NA","NA"
"S-68","webkit","1280x800-dark","screenshots/webkit/1280x800-dark/S-68.png","","","U","PASS","NA","NA","NA","PASS","NA","NA"
"S-69","webkit","390x844-light","screenshots/webkit/390x844-light/S-69.png","Tooltip not pointer-reachable at this viewport after using Fit; contextual graph screenshot only.","","U","U","U","U","U","U","U","U"
"S-69","webkit","390x844-dark","screenshots/webkit/390x844-dark/S-69.png","Tooltip not pointer-reachable at this viewport after using Fit; contextual graph screenshot only.","","U","U","U","U","U","U","U","U"
"S-69","webkit","844x390-light","screenshots/webkit/844x390-light/S-69.png","","","PASS","NA","NA","NA","NA","FAIL","NA","NA"
"S-69","webkit","844x390-dark","screenshots/webkit/844x390-dark/S-69.png","","","PASS","NA","NA","NA","NA","FAIL","NA","NA"
"S-69","webkit","768x1024-light","screenshots/webkit/768x1024-light/S-69.png","","","U","NA","NA","NA","NA","FAIL","NA","NA"
"S-69","webkit","768x1024-dark","screenshots/webkit/768x1024-dark/S-69.png","","","U","NA","NA","NA","NA","FAIL","NA","NA"
"S-69","webkit","1280x800-light","screenshots/webkit/1280x800-light/S-69.png","","","PASS","NA","NA","NA","NA","PASS","NA","NA"
"S-69","webkit","1280x800-dark","screenshots/webkit/1280x800-dark/S-69.png","","","PASS","NA","NA","NA","NA","PASS","NA","NA"
"S-70","webkit","390x844-light","screenshots/webkit/390x844-light/S-70.png","","","U","PASS","NA","NA","NA","FAIL","NA","NA"
"S-70","webkit","390x844-dark","screenshots/webkit/390x844-dark/S-70.png","","","U","PASS","NA","NA","NA","FAIL","NA","NA"
"S-70","webkit","844x390-light","screenshots/webkit/844x390-light/S-70.png","","","PASS","PASS","NA","NA","NA","FAIL","NA","NA"
"S-70","webkit","844x390-dark","screenshots/webkit/844x390-dark/S-70.png","","","PASS","PASS","NA","NA","NA","FAIL","NA","NA"
"S-70","webkit","768x1024-light","screenshots/webkit/768x1024-light/S-70.png","","","PASS","PASS","NA","NA","NA","FAIL","NA","NA"
"S-70","webkit","768x1024-dark","screenshots/webkit/768x1024-dark/S-70.png","","","PASS","PASS","NA","NA","NA","FAIL","NA","NA"
"S-70","webkit","1280x800-light","screenshots/webkit/1280x800-light/S-70.png","","","PASS","PASS","NA","NA","NA","PASS","NA","NA"
"S-70","webkit","1280x800-dark","screenshots/webkit/1280x800-dark/S-70.png","","","PASS","PASS","NA","NA","NA","PASS","NA","NA"
"S-71","webkit","390x844-light","screenshots/webkit/390x844-light/S-71.png","","","U","NA","NA","NA","NA","FAIL","NA","NA"
"S-71","webkit","390x844-dark","screenshots/webkit/390x844-dark/S-71.png","","","U","NA","NA","NA","NA","FAIL","NA","NA"
"S-71","webkit","844x390-light","screenshots/webkit/844x390-light/S-71.png","","","PASS","NA","NA","NA","NA","FAIL","NA","NA"
"S-71","webkit","844x390-dark","screenshots/webkit/844x390-dark/S-71.png","","","PASS","NA","NA","NA","NA","FAIL","NA","NA"
"S-71","webkit","768x1024-light","screenshots/webkit/768x1024-light/S-71.png","","","PASS","NA","NA","NA","NA","FAIL","NA","NA"
"S-71","webkit","768x1024-dark","screenshots/webkit/768x1024-dark/S-71.png","","","PASS","NA","NA","NA","NA","FAIL","NA","NA"
"S-71","webkit","1280x800-light","screenshots/webkit/1280x800-light/S-71.png","","","PASS","NA","NA","NA","NA","PASS","NA","NA"
"S-71","webkit","1280x800-dark","screenshots/webkit/1280x800-dark/S-71.png","","","PASS","NA","NA","NA","NA","PASS","NA","NA"
"S-72","webkit","390x844-light","screenshots/webkit/390x844-light/S-72.png","","","PASS","FAIL","NA","NA","NA","FAIL","NA","NA"
"S-72","webkit","390x844-dark","screenshots/webkit/390x844-dark/S-72.png","","","PASS","FAIL","NA","NA","NA","FAIL","NA","NA"
"S-72","webkit","844x390-light","screenshots/webkit/844x390-light/S-72.png","","","PASS","FAIL","NA","NA","NA","PASS","NA","NA"
"S-72","webkit","844x390-dark","screenshots/webkit/844x390-dark/S-72.png","","","PASS","FAIL","NA","NA","NA","PASS","NA","NA"
"S-72","webkit","768x1024-light","screenshots/webkit/768x1024-light/S-72.png","","","PASS","FAIL","NA","NA","NA","PASS","NA","NA"
"S-72","webkit","768x1024-dark","screenshots/webkit/768x1024-dark/S-72.png","","","PASS","FAIL","NA","NA","NA","PASS","NA","NA"
"S-72","webkit","1280x800-light","screenshots/webkit/1280x800-light/S-72.png","","","PASS","FAIL","NA","NA","NA","PASS","NA","NA"
"S-72","webkit","1280x800-dark","screenshots/webkit/1280x800-dark/S-72.png","","","PASS","FAIL","NA","NA","NA","PASS","NA","NA"
"S-73","webkit","390x844-light","screenshots/webkit/390x844-light/S-73.png","","","PASS","FAIL","NA","NA","NA","FAIL","NA","NA"
"S-73","webkit","390x844-dark","screenshots/webkit/390x844-dark/S-73.png","","","PASS","FAIL","NA","NA","NA","FAIL","NA","NA"
"S-73","webkit","844x390-light","screenshots/webkit/844x390-light/S-73.png","","","PASS","FAIL","NA","NA","NA","PASS","NA","NA"
"S-73","webkit","844x390-dark","screenshots/webkit/844x390-dark/S-73.png","","","PASS","FAIL","NA","NA","NA","PASS","NA","NA"
"S-73","webkit","768x1024-light","screenshots/webkit/768x1024-light/S-73.png","","","PASS","FAIL","NA","NA","NA","PASS","NA","NA"
"S-73","webkit","768x1024-dark","screenshots/webkit/768x1024-dark/S-73.png","","","PASS","FAIL","NA","NA","NA","PASS","NA","NA"
"S-73","webkit","1280x800-light","screenshots/webkit/1280x800-light/S-73.png","","","PASS","FAIL","NA","NA","NA","PASS","NA","NA"
"S-73","webkit","1280x800-dark","screenshots/webkit/1280x800-dark/S-73.png","","","PASS","FAIL","NA","NA","NA","PASS","NA","NA"
"S-74","webkit","390x844-light","screenshots/webkit/390x844-light/S-74.png","","","PASS","NA","NA","NA","NA","FAIL","NA","NA"
"S-74","webkit","390x844-dark","screenshots/webkit/390x844-dark/S-74.png","","","PASS","NA","NA","NA","NA","FAIL","NA","NA"
"S-74","webkit","844x390-light","screenshots/webkit/844x390-light/S-74.png","","","PASS","NA","NA","NA","NA","PASS","NA","NA"
"S-74","webkit","844x390-dark","screenshots/webkit/844x390-dark/S-74.png","","","PASS","NA","NA","NA","NA","PASS","NA","NA"
"S-74","webkit","768x1024-light","screenshots/webkit/768x1024-light/S-74.png","","","PASS","NA","NA","NA","NA","PASS","NA","NA"
"S-74","webkit","768x1024-dark","screenshots/webkit/768x1024-dark/S-74.png","","","PASS","NA","NA","NA","NA","PASS","NA","NA"
"S-74","webkit","1280x800-light","screenshots/webkit/1280x800-light/S-74.png","","","PASS","NA","NA","NA","NA","PASS","NA","NA"
"S-74","webkit","1280x800-dark","screenshots/webkit/1280x800-dark/S-74.png","","","PASS","NA","NA","NA","NA","PASS","NA","NA"
"S-75","webkit","390x844-light","screenshots/webkit/390x844-light/S-75.png","Delta requires setting a baseline, a scheduler state write.","","U","U","U","U","U","U","U","U"
"S-75","webkit","390x844-dark","screenshots/webkit/390x844-dark/S-75.png","Delta requires setting a baseline, a scheduler state write.","","U","U","U","U","U","U","U","U"
"S-75","webkit","844x390-light","screenshots/webkit/844x390-light/S-75.png","Delta requires setting a baseline, a scheduler state write.","","U","U","U","U","U","U","U","U"
"S-75","webkit","844x390-dark","screenshots/webkit/844x390-dark/S-75.png","Delta requires setting a baseline, a scheduler state write.","","U","U","U","U","U","U","U","U"
"S-75","webkit","768x1024-light","screenshots/webkit/768x1024-light/S-75.png","Delta requires setting a baseline, a scheduler state write.","","U","U","U","U","U","U","U","U"
"S-75","webkit","768x1024-dark","screenshots/webkit/768x1024-dark/S-75.png","Delta requires setting a baseline, a scheduler state write.","","U","U","U","U","U","U","U","U"
"S-75","webkit","1280x800-light","screenshots/webkit/1280x800-light/S-75.png","Delta requires setting a baseline, a scheduler state write.","","U","U","U","U","U","U","U","U"
"S-75","webkit","1280x800-dark","screenshots/webkit/1280x800-dark/S-75.png","Delta requires setting a baseline, a scheduler state write.","","U","U","U","U","U","U","U","U"
"S-76","webkit","390x844-light","screenshots/webkit/390x844-light/S-76.png","","","PASS","FAIL","PASS","FAIL","U","FAIL","NA","NA"
"S-76","webkit","390x844-dark","screenshots/webkit/390x844-dark/S-76.png","","","U","FAIL","PASS","FAIL","U","FAIL","NA","NA"
"S-76","webkit","844x390-light","screenshots/webkit/844x390-light/S-76.png","","","U","FAIL","PASS","FAIL","U","PASS","NA","NA"
"S-76","webkit","844x390-dark","screenshots/webkit/844x390-dark/S-76.png","","","U","FAIL","PASS","FAIL","U","PASS","NA","NA"
"S-76","webkit","768x1024-light","screenshots/webkit/768x1024-light/S-76.png","","","U","FAIL","PASS","FAIL","U","PASS","NA","NA"
"S-76","webkit","768x1024-dark","screenshots/webkit/768x1024-dark/S-76.png","","","U","FAIL","PASS","FAIL","U","PASS","NA","NA"
"S-76","webkit","1280x800-light","screenshots/webkit/1280x800-light/S-76.png","","","U","FAIL","PASS","FAIL","U","PASS","NA","NA"
"S-76","webkit","1280x800-dark","screenshots/webkit/1280x800-dark/S-76.png","","","U","FAIL","PASS","FAIL","U","PASS","NA","NA"
"S-77","webkit","390x844-light","screenshots/webkit/390x844-light/S-77.png","","","PASS","FAIL","PASS","PASS","NA","FAIL","NA","NA"
"S-77","webkit","390x844-dark","screenshots/webkit/390x844-dark/S-77.png","","","PASS","FAIL","PASS","PASS","NA","FAIL","NA","NA"
"S-77","webkit","844x390-light","screenshots/webkit/844x390-light/S-77.png","","","PASS","FAIL","PASS","PASS","NA","PASS","NA","NA"
"S-77","webkit","844x390-dark","screenshots/webkit/844x390-dark/S-77.png","","","PASS","FAIL","PASS","PASS","NA","PASS","NA","NA"
"S-77","webkit","768x1024-light","screenshots/webkit/768x1024-light/S-77.png","","","PASS","FAIL","PASS","PASS","NA","PASS","NA","NA"
"S-77","webkit","768x1024-dark","screenshots/webkit/768x1024-dark/S-77.png","","","PASS","FAIL","PASS","PASS","NA","PASS","NA","NA"
"S-77","webkit","1280x800-light","screenshots/webkit/1280x800-light/S-77.png","","","PASS","FAIL","PASS","PASS","NA","PASS","NA","NA"
"S-77","webkit","1280x800-dark","screenshots/webkit/1280x800-dark/S-77.png","","","PASS","FAIL","PASS","PASS","NA","PASS","NA","NA"
"S-78","webkit","390x844-light","screenshots/webkit/390x844-light/S-78.png","","","PASS","NA","NA","NA","NA","FAIL","NA","NA"
"S-78","webkit","390x844-dark","screenshots/webkit/390x844-dark/S-78.png","","","PASS","NA","NA","NA","NA","FAIL","NA","NA"
"S-78","webkit","844x390-light","screenshots/webkit/844x390-light/S-78.png","","","PASS","NA","NA","NA","NA","PASS","NA","NA"
"S-78","webkit","844x390-dark","screenshots/webkit/844x390-dark/S-78.png","","","PASS","NA","NA","NA","NA","PASS","NA","NA"
"S-78","webkit","768x1024-light","screenshots/webkit/768x1024-light/S-78.png","","","PASS","NA","NA","NA","NA","PASS","NA","NA"
"S-78","webkit","768x1024-dark","screenshots/webkit/768x1024-dark/S-78.png","","","PASS","NA","NA","NA","NA","PASS","NA","NA"
"S-78","webkit","1280x800-light","screenshots/webkit/1280x800-light/S-78.png","","","PASS","NA","NA","NA","NA","PASS","NA","NA"
"S-78","webkit","1280x800-dark","screenshots/webkit/1280x800-dark/S-78.png","","","PASS","NA","NA","NA","NA","PASS","NA","NA"
"S-79","webkit","390x844-light","screenshots/webkit/390x844-light/S-79.png","","","PASS","FAIL","PASS","PASS","U","FAIL","NA","NA"
"S-79","webkit","390x844-dark","screenshots/webkit/390x844-dark/S-79.png","","","PASS","FAIL","PASS","PASS","U","FAIL","NA","NA"
"S-79","webkit","844x390-light","screenshots/webkit/844x390-light/S-79.png","","","PASS","FAIL","PASS","PASS","U","PASS","NA","NA"
"S-79","webkit","844x390-dark","screenshots/webkit/844x390-dark/S-79.png","","","PASS","FAIL","PASS","PASS","U","PASS","NA","NA"
"S-79","webkit","768x1024-light","screenshots/webkit/768x1024-light/S-79.png","","","PASS","FAIL","PASS","PASS","U","PASS","NA","NA"
"S-79","webkit","768x1024-dark","screenshots/webkit/768x1024-dark/S-79.png","","","PASS","FAIL","PASS","PASS","U","PASS","NA","NA"
"S-79","webkit","1280x800-light","screenshots/webkit/1280x800-light/S-79.png","","","PASS","FAIL","PASS","PASS","U","PASS","NA","NA"
"S-79","webkit","1280x800-dark","screenshots/webkit/1280x800-dark/S-79.png","","","PASS","FAIL","PASS","PASS","U","PASS","NA","NA"
"S-80","webkit","390x844-light","screenshots/webkit/390x844-light/S-80.png","","","U","FAIL","PASS","FAIL","NA","FAIL","NA","NA"
"S-80","webkit","390x844-dark","screenshots/webkit/390x844-dark/S-80.png","","","U","FAIL","PASS","FAIL","NA","FAIL","NA","NA"
"S-80","webkit","844x390-light","screenshots/webkit/844x390-light/S-80.png","","","U","FAIL","PASS","FAIL","NA","PASS","NA","NA"
"S-80","webkit","844x390-dark","screenshots/webkit/844x390-dark/S-80.png","","","U","FAIL","PASS","FAIL","NA","PASS","NA","NA"
"S-80","webkit","768x1024-light","screenshots/webkit/768x1024-light/S-80.png","","","U","FAIL","PASS","FAIL","NA","PASS","NA","NA"
"S-80","webkit","768x1024-dark","screenshots/webkit/768x1024-dark/S-80.png","","","U","FAIL","PASS","FAIL","NA","PASS","NA","NA"
"S-80","webkit","1280x800-light","screenshots/webkit/1280x800-light/S-80.png","","","U","FAIL","PASS","FAIL","NA","PASS","NA","NA"
"S-80","webkit","1280x800-dark","screenshots/webkit/1280x800-dark/S-80.png","","","U","FAIL","PASS","FAIL","NA","PASS","NA","NA"
"S-81","webkit","390x844-light","screenshots/webkit/390x844-light/S-81.png","Import-result message requires importing a file; not read-only.","","U","U","U","U","U","U","U","U"
"S-81","webkit","390x844-dark","screenshots/webkit/390x844-dark/S-81.png","Import-result message requires importing a file; not read-only.","","U","U","U","U","U","U","U","U"
"S-81","webkit","844x390-light","screenshots/webkit/844x390-light/S-81.png","Import-result message requires importing a file; not read-only.","","U","U","U","U","U","U","U","U"
"S-81","webkit","844x390-dark","screenshots/webkit/844x390-dark/S-81.png","Import-result message requires importing a file; not read-only.","","U","U","U","U","U","U","U","U"
"S-81","webkit","768x1024-light","screenshots/webkit/768x1024-light/S-81.png","Import-result message requires importing a file; not read-only.","","U","U","U","U","U","U","U","U"
"S-81","webkit","768x1024-dark","screenshots/webkit/768x1024-dark/S-81.png","Import-result message requires importing a file; not read-only.","","U","U","U","U","U","U","U","U"
"S-81","webkit","1280x800-light","screenshots/webkit/1280x800-light/S-81.png","Import-result message requires importing a file; not read-only.","","U","U","U","U","U","U","U","U"
"S-81","webkit","1280x800-dark","screenshots/webkit/1280x800-dark/S-81.png","Import-result message requires importing a file; not read-only.","","U","U","U","U","U","U","U","U"
"S-82","webkit","390x844-light","screenshots/webkit/390x844-light/S-82.png","","","PASS","FAIL","NA","NA","NA","FAIL","NA","NA"
"S-82","webkit","390x844-dark","screenshots/webkit/390x844-dark/S-82.png","","","PASS","FAIL","NA","NA","NA","FAIL","NA","NA"
"S-82","webkit","844x390-light","screenshots/webkit/844x390-light/S-82.png","","","PASS","FAIL","NA","NA","NA","PASS","NA","NA"
"S-82","webkit","844x390-dark","screenshots/webkit/844x390-dark/S-82.png","","","PASS","FAIL","NA","NA","NA","PASS","NA","NA"
"S-82","webkit","768x1024-light","screenshots/webkit/768x1024-light/S-82.png","","","PASS","FAIL","NA","NA","NA","PASS","NA","NA"
"S-82","webkit","768x1024-dark","screenshots/webkit/768x1024-dark/S-82.png","","","PASS","FAIL","NA","NA","NA","PASS","NA","NA"
"S-82","webkit","1280x800-light","screenshots/webkit/1280x800-light/S-82.png","","","PASS","FAIL","NA","NA","NA","PASS","NA","NA"
"S-82","webkit","1280x800-dark","screenshots/webkit/1280x800-dark/S-82.png","","","PASS","FAIL","NA","NA","NA","PASS","NA","NA"
"S-83","webkit","390x844-light","screenshots/webkit/390x844-light/S-83.png","","","U","FAIL","NA","NA","NA","FAIL","NA","U"
"S-83","webkit","390x844-dark","screenshots/webkit/390x844-dark/S-83.png","","","U","FAIL","NA","NA","NA","FAIL","NA","U"
"S-83","webkit","844x390-light","screenshots/webkit/844x390-light/S-83.png","","","PASS","FAIL","NA","NA","NA","PASS","NA","U"
"S-83","webkit","844x390-dark","screenshots/webkit/844x390-dark/S-83.png","","","PASS","FAIL","NA","NA","NA","PASS","NA","U"
"S-83","webkit","768x1024-light","screenshots/webkit/768x1024-light/S-83.png","","","PASS","FAIL","NA","NA","NA","PASS","NA","U"
"S-83","webkit","768x1024-dark","screenshots/webkit/768x1024-dark/S-83.png","","","PASS","FAIL","NA","NA","NA","PASS","NA","U"
"S-83","webkit","1280x800-light","screenshots/webkit/1280x800-light/S-83.png","","","PASS","FAIL","NA","NA","NA","PASS","NA","U"
"S-83","webkit","1280x800-dark","screenshots/webkit/1280x800-dark/S-83.png","","","PASS","FAIL","NA","NA","NA","PASS","NA","U"
"S-84","webkit","390x844-light","screenshots/webkit/390x844-light/S-84.png","","","U","FAIL","NA","NA","NA","FAIL","NA","U"
"S-84","webkit","390x844-dark","screenshots/webkit/390x844-dark/S-84.png","","","U","FAIL","NA","NA","NA","FAIL","NA","U"
"S-84","webkit","844x390-light","screenshots/webkit/844x390-light/S-84.png","","","PASS","FAIL","NA","NA","NA","PASS","NA","U"
"S-84","webkit","844x390-dark","screenshots/webkit/844x390-dark/S-84.png","","","PASS","FAIL","NA","NA","NA","PASS","NA","U"
"S-84","webkit","768x1024-light","screenshots/webkit/768x1024-light/S-84.png","","","PASS","FAIL","NA","NA","NA","PASS","NA","U"
"S-84","webkit","768x1024-dark","screenshots/webkit/768x1024-dark/S-84.png","","","PASS","FAIL","NA","NA","NA","PASS","NA","U"
"S-84","webkit","1280x800-light","screenshots/webkit/1280x800-light/S-84.png","","","PASS","FAIL","NA","NA","NA","PASS","NA","U"
"S-84","webkit","1280x800-dark","screenshots/webkit/1280x800-dark/S-84.png","","","PASS","FAIL","NA","NA","NA","PASS","NA","U"
"S-85","webkit","390x844-light","screenshots/webkit/390x844-light/S-85.png","Opening schedule panel via Copy day also writes the clipboard; not read-only.","","U","U","U","U","U","U","U","U"
"S-85","webkit","390x844-dark","screenshots/webkit/390x844-dark/S-85.png","Opening schedule panel via Copy day also writes the clipboard; not read-only.","","U","U","U","U","U","U","U","U"
"S-85","webkit","844x390-light","screenshots/webkit/844x390-light/S-85.png","Opening schedule panel via Copy day also writes the clipboard; not read-only.","","U","U","U","U","U","U","U","U"
"S-85","webkit","844x390-dark","screenshots/webkit/844x390-dark/S-85.png","Opening schedule panel via Copy day also writes the clipboard; not read-only.","","U","U","U","U","U","U","U","U"
"S-85","webkit","768x1024-light","screenshots/webkit/768x1024-light/S-85.png","Opening schedule panel via Copy day also writes the clipboard; not read-only.","","U","U","U","U","U","U","U","U"
"S-85","webkit","768x1024-dark","screenshots/webkit/768x1024-dark/S-85.png","Opening schedule panel via Copy day also writes the clipboard; not read-only.","","U","U","U","U","U","U","U","U"
"S-85","webkit","1280x800-light","screenshots/webkit/1280x800-light/S-85.png","Opening schedule panel via Copy day also writes the clipboard; not read-only.","","U","U","U","U","U","U","U","U"
"S-85","webkit","1280x800-dark","screenshots/webkit/1280x800-dark/S-85.png","Opening schedule panel via Copy day also writes the clipboard; not read-only.","","U","U","U","U","U","U","U","U"
"S-86","webkit","390x844-light","screenshots/webkit/390x844-light/S-86.png","","","PASS","FAIL","PASS","FAIL","U","FAIL","NA","NA"
"S-86","webkit","390x844-dark","screenshots/webkit/390x844-dark/S-86.png","","","PASS","FAIL","PASS","FAIL","U","FAIL","NA","NA"
"S-86","webkit","844x390-light","screenshots/webkit/844x390-light/S-86.png","","","PASS","FAIL","PASS","FAIL","U","PASS","NA","NA"
"S-86","webkit","844x390-dark","screenshots/webkit/844x390-dark/S-86.png","","","PASS","FAIL","PASS","FAIL","U","PASS","NA","NA"
"S-86","webkit","768x1024-light","screenshots/webkit/768x1024-light/S-86.png","","","U","FAIL","PASS","FAIL","U","PASS","NA","NA"
"S-86","webkit","768x1024-dark","screenshots/webkit/768x1024-dark/S-86.png","","","U","FAIL","PASS","FAIL","U","PASS","NA","NA"
"S-86","webkit","1280x800-light","screenshots/webkit/1280x800-light/S-86.png","","","PASS","FAIL","PASS","FAIL","U","PASS","NA","NA"
"S-86","webkit","1280x800-dark","screenshots/webkit/1280x800-dark/S-86.png","","","PASS","FAIL","PASS","FAIL","U","PASS","NA","NA"
"S-87","webkit","390x844-light","screenshots/webkit/390x844-light/S-87.png","","","U","FAIL","NA","NA","NA","FAIL","NA","NA"
"S-87","webkit","390x844-dark","screenshots/webkit/390x844-dark/S-87.png","","","U","FAIL","NA","NA","NA","FAIL","NA","NA"
"S-87","webkit","844x390-light","screenshots/webkit/844x390-light/S-87.png","","","PASS","FAIL","NA","NA","NA","PASS","NA","NA"
"S-87","webkit","844x390-dark","screenshots/webkit/844x390-dark/S-87.png","","","PASS","FAIL","NA","NA","NA","PASS","NA","NA"
"S-87","webkit","768x1024-light","screenshots/webkit/768x1024-light/S-87.png","","","PASS","FAIL","NA","NA","NA","PASS","NA","NA"
"S-87","webkit","768x1024-dark","screenshots/webkit/768x1024-dark/S-87.png","","","PASS","FAIL","NA","NA","NA","PASS","NA","NA"
"S-87","webkit","1280x800-light","screenshots/webkit/1280x800-light/S-87.png","","","PASS","FAIL","NA","NA","NA","PASS","NA","NA"
"S-87","webkit","1280x800-dark","screenshots/webkit/1280x800-dark/S-87.png","","","PASS","FAIL","NA","NA","NA","PASS","NA","NA"
"S-88","webkit","390x844-light","screenshots/webkit/390x844-light/S-88.png","","","U","FAIL","PASS","PASS","U","FAIL","NA","NA"
"S-88","webkit","390x844-dark","screenshots/webkit/390x844-dark/S-88.png","","","U","FAIL","PASS","PASS","U","FAIL","NA","NA"
"S-88","webkit","844x390-light","screenshots/webkit/844x390-light/S-88.png","","","PASS","FAIL","PASS","PASS","U","PASS","NA","NA"
"S-88","webkit","844x390-dark","screenshots/webkit/844x390-dark/S-88.png","","","U","FAIL","PASS","PASS","U","PASS","NA","NA"
"S-88","webkit","768x1024-light","screenshots/webkit/768x1024-light/S-88.png","","","PASS","FAIL","PASS","PASS","U","PASS","NA","NA"
"S-88","webkit","768x1024-dark","screenshots/webkit/768x1024-dark/S-88.png","","","PASS","FAIL","PASS","PASS","U","PASS","NA","NA"
"S-88","webkit","1280x800-light","screenshots/webkit/1280x800-light/S-88.png","","","PASS","FAIL","PASS","PASS","U","PASS","NA","NA"
"S-88","webkit","1280x800-dark","screenshots/webkit/1280x800-dark/S-88.png","","","PASS","FAIL","PASS","PASS","U","PASS","NA","NA"
"S-89","webkit","390x844-light","screenshots/webkit/390x844-light/S-89.png","Validation alert requires submitting Add; prohibited.","","U","U","U","U","U","U","U","U"
"S-89","webkit","390x844-dark","screenshots/webkit/390x844-dark/S-89.png","Validation alert requires submitting Add; prohibited.","","U","U","U","U","U","U","U","U"
"S-89","webkit","844x390-light","screenshots/webkit/844x390-light/S-89.png","Validation alert requires submitting Add; prohibited.","","U","U","U","U","U","U","U","U"
"S-89","webkit","844x390-dark","screenshots/webkit/844x390-dark/S-89.png","Validation alert requires submitting Add; prohibited.","","U","U","U","U","U","U","U","U"
"S-89","webkit","768x1024-light","screenshots/webkit/768x1024-light/S-89.png","Validation alert requires submitting Add; prohibited.","","U","U","U","U","U","U","U","U"
"S-89","webkit","768x1024-dark","screenshots/webkit/768x1024-dark/S-89.png","Validation alert requires submitting Add; prohibited.","","U","U","U","U","U","U","U","U"
"S-89","webkit","1280x800-light","screenshots/webkit/1280x800-light/S-89.png","Validation alert requires submitting Add; prohibited.","","U","U","U","U","U","U","U","U"
"S-89","webkit","1280x800-dark","screenshots/webkit/1280x800-dark/S-89.png","Validation alert requires submitting Add; prohibited.","","U","U","U","U","U","U","U","U"
"S-90","webkit","390x844-light","screenshots/webkit/390x844-light/S-90.png","","","U","FAIL","NA","NA","NA","FAIL","NA","NA"
"S-90","webkit","390x844-dark","screenshots/webkit/390x844-dark/S-90.png","","","U","FAIL","NA","NA","NA","FAIL","NA","NA"
"S-90","webkit","844x390-light","screenshots/webkit/844x390-light/S-90.png","","","PASS","FAIL","NA","NA","NA","PASS","NA","NA"
"S-90","webkit","844x390-dark","screenshots/webkit/844x390-dark/S-90.png","","","PASS","FAIL","NA","NA","NA","PASS","NA","NA"
"S-90","webkit","768x1024-light","screenshots/webkit/768x1024-light/S-90.png","","","PASS","FAIL","NA","NA","NA","PASS","NA","NA"
"S-90","webkit","768x1024-dark","screenshots/webkit/768x1024-dark/S-90.png","","","PASS","FAIL","NA","NA","NA","PASS","NA","NA"
"S-90","webkit","1280x800-light","screenshots/webkit/1280x800-light/S-90.png","","","PASS","FAIL","NA","NA","NA","PASS","NA","NA"
"S-90","webkit","1280x800-dark","screenshots/webkit/1280x800-dark/S-90.png","","","PASS","FAIL","NA","NA","NA","PASS","NA","NA"
"S-91","webkit","390x844-light","screenshots/webkit/390x844-light/S-91.png","","","PASS","PASS","NA","NA","NA","FAIL","NA","U"
"S-91","webkit","390x844-dark","screenshots/webkit/390x844-dark/S-91.png","","","PASS","PASS","NA","NA","NA","FAIL","NA","U"
"S-91","webkit","844x390-light","screenshots/webkit/844x390-light/S-91.png","","","PASS","PASS","NA","NA","NA","FAIL","NA","U"
"S-91","webkit","844x390-dark","screenshots/webkit/844x390-dark/S-91.png","","","PASS","PASS","NA","NA","NA","FAIL","NA","U"
"S-91","webkit","768x1024-light","screenshots/webkit/768x1024-light/S-91.png","","","PASS","PASS","NA","NA","NA","FAIL","NA","U"
"S-91","webkit","768x1024-dark","screenshots/webkit/768x1024-dark/S-91.png","","","PASS","PASS","NA","NA","NA","FAIL","NA","U"
"S-91","webkit","1280x800-light","screenshots/webkit/1280x800-light/S-91.png","","","PASS","PASS","NA","NA","NA","FAIL","NA","U"
"S-91","webkit","1280x800-dark","screenshots/webkit/1280x800-dark/S-91.png","","","PASS","PASS","NA","NA","NA","FAIL","NA","U"
"S-92","webkit","390x844-light","screenshots/webkit/390x844-light/S-92.png","","","PASS","PASS","NA","NA","NA","U","PASS","NA"
"S-92","webkit","390x844-dark","screenshots/webkit/390x844-dark/S-92.png","","","PASS","PASS","NA","NA","NA","U","PASS","NA"
"S-92","webkit","844x390-light","screenshots/webkit/844x390-light/S-92.png","","","PASS","PASS","NA","NA","NA","FAIL","PASS","NA"
"S-92","webkit","844x390-dark","screenshots/webkit/844x390-dark/S-92.png","","","PASS","PASS","NA","NA","NA","FAIL","PASS","NA"
"S-92","webkit","768x1024-light","screenshots/webkit/768x1024-light/S-92.png","","","PASS","PASS","NA","NA","NA","U","PASS","NA"
"S-92","webkit","768x1024-dark","screenshots/webkit/768x1024-dark/S-92.png","","","PASS","PASS","NA","NA","NA","U","PASS","NA"
"S-92","webkit","1280x800-light","screenshots/webkit/1280x800-light/S-92.png","","","PASS","PASS","NA","NA","NA","U","PASS","NA"
"S-92","webkit","1280x800-dark","screenshots/webkit/1280x800-dark/S-92.png","","","PASS","PASS","NA","NA","NA","U","PASS","NA"
